/*
 Navicat MySQL Data Transfer

 Source Server         : 本地数据库
 Source Server Type    : MySQL
 Source Server Version : 50741
 Source Host           : localhost:3306
 Source Schema         : kva-admin-db

 Target Server Type    : MySQL
 Target Server Version : 50741
 File Encoding         : 65001

 Date: 12/09/2023 14:59:52
*/

SET NAMES utf8mb4;
SET FOREIGN_KEY_CHECKS = 0;

-- ----------------------------
-- Table structure for casbin_rule
-- ----------------------------
DROP TABLE IF EXISTS `casbin_rule`;
CREATE TABLE `casbin_rule`  (
  `id` bigint(20) UNSIGNED NOT NULL AUTO_INCREMENT,
  `ptype` varchar(100) CHARACTER SET utf8mb4 COLLATE utf8mb4_unicode_ci NULL DEFAULT NULL,
  `v0` varchar(100) CHARACTER SET utf8mb4 COLLATE utf8mb4_unicode_ci NULL DEFAULT NULL,
  `v1` varchar(100) CHARACTER SET utf8mb4 COLLATE utf8mb4_unicode_ci NULL DEFAULT NULL,
  `v2` varchar(100) CHARACTER SET utf8mb4 COLLATE utf8mb4_unicode_ci NULL DEFAULT NULL,
  `v3` varchar(100) CHARACTER SET utf8mb4 COLLATE utf8mb4_unicode_ci NULL DEFAULT NULL,
  `v4` varchar(100) CHARACTER SET utf8mb4 COLLATE utf8mb4_unicode_ci NULL DEFAULT NULL,
  `v5` varchar(100) CHARACTER SET utf8mb4 COLLATE utf8mb4_unicode_ci NULL DEFAULT NULL,
  `v6` varchar(25) CHARACTER SET utf8mb4 COLLATE utf8mb4_unicode_ci NULL DEFAULT NULL,
  `v7` varchar(25) CHARACTER SET utf8mb4 COLLATE utf8mb4_unicode_ci NULL DEFAULT NULL,
  PRIMARY KEY (`id`) USING BTREE,
  UNIQUE INDEX `idx_casbin_rule`(`ptype`, `v0`, `v1`, `v2`, `v3`, `v4`, `v5`, `v6`, `v7`) USING BTREE
) ENGINE = InnoDB AUTO_INCREMENT = 28 CHARACTER SET = utf8mb4 COLLATE = utf8mb4_unicode_ci ROW_FORMAT = Dynamic;

-- ----------------------------
-- Records of casbin_rule
-- ----------------------------
INSERT INTO `casbin_rule` VALUES (25, 'g', 'root', 'superadmin', '', '', '', '', NULL, NULL);
INSERT INTO `casbin_rule` VALUES (20, 'p', 'finace', '/api/deleteApisByIds', 'POST', NULL, NULL, NULL, NULL, NULL);
INSERT INTO `casbin_rule` VALUES (14, 'p', 'finace', '/api/sys/apis/tree', 'POST', NULL, NULL, NULL, NULL, NULL);
INSERT INTO `casbin_rule` VALUES (26, 'p', 'finace', '/api/sys/menus/tree', 'POST', NULL, NULL, NULL, NULL, NULL);
INSERT INTO `casbin_rule` VALUES (15, 'p', 'finace', '/api/sys/role/api/change', 'POST', NULL, NULL, NULL, NULL, NULL);
INSERT INTO `casbin_rule` VALUES (27, 'p', 'finace', '/api/sys/role/list', 'POST', NULL, NULL, NULL, NULL, NULL);
INSERT INTO `casbin_rule` VALUES (18, 'p', 'finace', '/api/sys/user/del/:id', 'POST', NULL, NULL, NULL, NULL, NULL);
INSERT INTO `casbin_rule` VALUES (2, 'p', 'finace', '/api/sys/user/get/:id', 'POST', NULL, NULL, NULL, NULL, NULL);
INSERT INTO `casbin_rule` VALUES (24, 'p', 'finace', '/api/sys/user/list', 'POST', NULL, NULL, NULL, NULL, NULL);
INSERT INTO `casbin_rule` VALUES (1, 'p', 'finace', '/api/sys/user/load', 'POST', NULL, NULL, NULL, NULL, NULL);
INSERT INTO `casbin_rule` VALUES (21, 'p', 'finace', '/api/sys/user/role/save', 'POST', NULL, NULL, NULL, NULL, NULL);
INSERT INTO `casbin_rule` VALUES (3, 'p', 'finace', '/api/sys/user/save', 'POST', NULL, NULL, NULL, NULL, NULL);
INSERT INTO `casbin_rule` VALUES (16, 'p', 'finace', '/api/sys/user/update', 'POST', NULL, NULL, NULL, NULL, NULL);
INSERT INTO `casbin_rule` VALUES (17, 'p', 'finace', '/api/sys/user/update/status', 'POST', NULL, NULL, NULL, NULL, NULL);
INSERT INTO `casbin_rule` VALUES (19, 'p', 'finace', '/api/sys/user/updatePwd', 'POST', NULL, NULL, NULL, NULL, NULL);
INSERT INTO `casbin_rule` VALUES (5, 'p', 'finace', '/user/admin_register', 'POST', NULL, NULL, NULL, NULL, NULL);
INSERT INTO `casbin_rule` VALUES (11, 'p', 'finace', '/user/changePassword', 'POST', NULL, NULL, NULL, NULL, NULL);
INSERT INTO `casbin_rule` VALUES (4, 'p', 'finace', '/user/deleteUser', 'POST', NULL, NULL, NULL, NULL, NULL);
INSERT INTO `casbin_rule` VALUES (9, 'p', 'finace', '/user/getUserInfo', 'POST', NULL, NULL, NULL, NULL, NULL);
INSERT INTO `casbin_rule` VALUES (6, 'p', 'finace', '/user/getUserList', 'POST', NULL, NULL, NULL, NULL, NULL);
INSERT INTO `casbin_rule` VALUES (13, 'p', 'finace', '/user/resetPassword', 'POST', NULL, NULL, NULL, NULL, NULL);
INSERT INTO `casbin_rule` VALUES (8, 'p', 'finace', '/user/setSelfInfo', 'POST', NULL, NULL, NULL, NULL, NULL);
INSERT INTO `casbin_rule` VALUES (10, 'p', 'finace', '/user/setUserAuthorities', 'POST', NULL, NULL, NULL, NULL, NULL);
INSERT INTO `casbin_rule` VALUES (12, 'p', 'finace', '/user/setUserAuthority', 'POST', NULL, NULL, NULL, NULL, NULL);
INSERT INTO `casbin_rule` VALUES (7, 'p', 'finace', '/user/setUserInfo', 'POST', NULL, NULL, NULL, NULL, NULL);

-- ----------------------------
-- Table structure for jwt_blacklists
-- ----------------------------
DROP TABLE IF EXISTS `jwt_blacklists`;
CREATE TABLE `jwt_blacklists`  (
  `id` bigint(20) UNSIGNED NOT NULL AUTO_INCREMENT COMMENT '主键ID',
  `created_at` datetime(0) NULL DEFAULT NULL COMMENT '创建时间',
  `updated_at` datetime(0) NULL DEFAULT NULL COMMENT '更新时间',
  `deleted_at` datetime(3) NULL DEFAULT NULL COMMENT '删除时间',
  `jwt` text CHARACTER SET utf8mb4 COLLATE utf8mb4_unicode_ci NULL COMMENT 'jwt',
  `is_deleted` bigint(20) UNSIGNED NULL DEFAULT 0,
  PRIMARY KEY (`id`) USING BTREE,
  INDEX `idx_jwt_blacklists_deleted_at`(`deleted_at`) USING BTREE
) ENGINE = InnoDB AUTO_INCREMENT = 107 CHARACTER SET = utf8mb4 COLLATE = utf8mb4_unicode_ci COMMENT = '黑白名单表' ROW_FORMAT = Dynamic;

-- ----------------------------
-- Records of jwt_blacklists
-- ----------------------------
INSERT INTO `jwt_blacklists` VALUES (1, '2023-08-05 14:13:10', '2023-08-05 14:13:10', NULL, 'eyJhbGciOiJIUzI1NiIsInR5cCI6IkpXVCJ9.eyJ1c2VySWQiOjEsInVzZXJuYW1lIjoi6aOe5ZOlIiwiQnVmZmVyVGltZSI6ODY0MDAsImF1ZCI6IktTRCIsImV4cCI6MTY5MTgxOTA2OSwiaWF0IjoxNjkxMjE0MjY5LCJpc3MiOiJLU0QtQURNSU4iLCJuYmYiOjE2OTEyMTQyNjl9.21IA0jmRAFxXq9rx6ZBq7GBBohHnEa3_VhM5xz8Cz-Y', 0);
INSERT INTO `jwt_blacklists` VALUES (2, '2023-08-05 15:16:19', '2023-08-05 15:16:19', NULL, 'eyJhbGciOiJIUzI1NiIsInR5cCI6IkpXVCJ9.eyJ1c2VySWQiOjEsInVzZXJuYW1lIjoi6aOe5ZOlIiwiQnVmZmVyVGltZSI6ODY0MDAsImF1ZCI6IktTRCIsImV4cCI6MTY5MTgyMDc5NSwiaWF0IjoxNjkxMjE1OTk1LCJpc3MiOiJLU0QtQURNSU4iLCJuYmYiOjE2OTEyMTU5OTV9.gMjMYSd-2lTF0vj9BwVIaMpniT2MS7p-THXoasIgYys', 0);
INSERT INTO `jwt_blacklists` VALUES (3, '2023-08-05 16:03:03', '2023-08-05 16:03:03', NULL, 'eyJhbGciOiJIUzI1NiIsInR5cCI6IkpXVCJ9.eyJ1c2VySWQiOjEsInVzZXJuYW1lIjoi6aOe5ZOlIiwiQnVmZmVyVGltZSI6ODY0MDAsImF1ZCI6IktTRCIsImV4cCI6MTY5MTgyNDU5MiwiaWF0IjoxNjkxMjE5NzkyLCJpc3MiOiJLU0QtQURNSU4iLCJuYmYiOjE2OTEyMTk3OTJ9.BBXQ5NWHuSM9E2JDVFolw4vql8Fprjgfz_W35cGTjek', 0);
INSERT INTO `jwt_blacklists` VALUES (4, '2023-08-05 16:04:06', '2023-08-05 16:04:06', NULL, 'eyJhbGciOiJIUzI1NiIsInR5cCI6IkpXVCJ9.eyJ1c2VySWQiOjEsInVzZXJuYW1lIjoi6aOe5ZOlIiwiQnVmZmVyVGltZSI6ODY0MDAsImF1ZCI6IktTRCIsImV4cCI6MTY5MTgyNzM5NSwiaWF0IjoxNjkxMjIyNTk1LCJpc3MiOiJLU0QtQURNSU4iLCJuYmYiOjE2OTEyMjI1OTV9.icg8JQ7j7jyskfvwG3m6tWdMONtm2RKJDbF2VuP0TJk', 0);
INSERT INTO `jwt_blacklists` VALUES (5, '2023-08-05 16:05:07', '2023-08-05 16:05:07', NULL, 'eyJhbGciOiJIUzI1NiIsInR5cCI6IkpXVCJ9.eyJ1c2VySWQiOjEsInVzZXJuYW1lIjoi6aOe5ZOlIiwiQnVmZmVyVGltZSI6ODY0MDAsImF1ZCI6IktTRCIsImV4cCI6MTY5MTgyNzQ1NSwiaWF0IjoxNjkxMjIyNjU1LCJpc3MiOiJLU0QtQURNSU4iLCJuYmYiOjE2OTEyMjI2NTV9.RIR8cWPYuE9wRAYjZLxqCcv6JlW5YSPDz6RupvY4P_k', 0);
INSERT INTO `jwt_blacklists` VALUES (6, '2023-08-05 17:47:51', '2023-08-05 17:47:51', NULL, 'eyJhbGciOiJIUzI1NiIsInR5cCI6IkpXVCJ9.eyJ1c2VySWQiOjEsInVzZXJuYW1lIjoi6aOe5ZOlIiwiQnVmZmVyVGltZSI6ODY0MDAsImF1ZCI6IktTRCIsImV4cCI6MTY5MTIzNjQ4MSwiaWF0IjoxNjkwNjMxNjgxLCJpc3MiOiJLU0QtQURNSU4iLCJuYmYiOjE2OTA2MzE2ODF9.nH3X9bSIiS3Pf0YhJwY9dQjdBFBd4ifA27fH0F8yxh0', 0);
INSERT INTO `jwt_blacklists` VALUES (7, '2023-08-06 02:06:57', '2023-08-06 02:06:57', NULL, 'eyJhbGciOiJIUzI1NiIsInR5cCI6IkpXVCJ9.eyJ1c2VySWQiOjEsInVzZXJuYW1lIjoi6aOe5ZOlIiwiQnVmZmVyVGltZSI6ODY0MDAsImF1ZCI6IktTRCIsImV4cCI6MTY5MTY3NzI1OSwiaWF0IjoxNjkxMDcyNDU5LCJpc3MiOiJLU0QtQURNSU4iLCJuYmYiOjE2OTEwNzI0NTl9.mztHa5qCDxEP86d9b7pAu_zrC452Xky04BQQQXu7MSI', 0);
INSERT INTO `jwt_blacklists` VALUES (8, '2023-08-07 00:59:00', '2023-08-07 00:59:00', NULL, 'eyJhbGciOiJIUzI1NiIsInR5cCI6IkpXVCJ9.eyJ1c2VySWQiOjEsInVzZXJuYW1lIjoi6aOe5ZOlIiwiQnVmZmVyVGltZSI6ODY0MDAsImF1ZCI6IktTRCIsImV4cCI6MTY5MTg2MzY2NiwiaWF0IjoxNjkxMjU4ODY2LCJpc3MiOiJLU0QtQURNSU4iLCJuYmYiOjE2OTEyNTg4NjZ9.MChQjseuXoRAq9hHRfsonqlgj8zK3w38EUDEbzNNiz8', 0);
INSERT INTO `jwt_blacklists` VALUES (9, '2023-08-07 01:11:56', '2023-08-07 01:11:56', NULL, 'eyJhbGciOiJIUzI1NiIsInR5cCI6IkpXVCJ9.eyJ1c2VySWQiOjEsInVzZXJuYW1lIjoiTXIu5aWH5re8IiwiQnVmZmVyVGltZSI6ODY0MDAsImF1ZCI6IktTRCIsImV4cCI6MTY5MTk0NjY2MSwiaWF0IjoxNjkxMzQxODYxLCJpc3MiOiJLU0QtQURNSU4iLCJuYmYiOjE2OTEzNDE4NjF9.CYtcsNFRoZhRA9d06iXBYza5cTgXAnD1M-mEawNpX9k', 0);
INSERT INTO `jwt_blacklists` VALUES (10, '2023-08-07 11:19:53', '2023-08-07 11:19:53', NULL, 'eyJhbGciOiJIUzI1NiIsInR5cCI6IkpXVCJ9.eyJ1c2VySWQiOjEsInVzZXJuYW1lIjoiTXIu5aWH5re8IiwiQnVmZmVyVGltZSI6ODY0MDAsImF1ZCI6IktTRCIsImV4cCI6MTY5MTk0NjczNCwiaWF0IjoxNjkxMzQxOTM0LCJpc3MiOiJLU0QtQURNSU4iLCJuYmYiOjE2OTEzNDE5MzR9.edpxuZLe9PHpQ59_98sAtMM188kujJXcj7bV9SPPcSs', 0);
INSERT INTO `jwt_blacklists` VALUES (11, '2023-08-07 20:05:06', '2023-08-07 20:05:06', NULL, 'eyJhbGciOiJIUzI1NiIsInR5cCI6IkpXVCJ9.eyJ1c2VySWQiOjEsInVzZXJuYW1lIjoiTXIu5aWH5re8IiwiQnVmZmVyVGltZSI6ODY0MDAsImF1ZCI6IktTRCIsImV4cCI6MTY5MTk4MzE5NywiaWF0IjoxNjkxMzc4Mzk3LCJpc3MiOiJLU0QtQURNSU4iLCJuYmYiOjE2OTEzNzgzOTd9.9R5lbcdX6tuP-ty2xh_H0zkkVpLNi9Q5VaxEQtTGbQU', 0);
INSERT INTO `jwt_blacklists` VALUES (12, '2023-08-07 21:33:43', '2023-08-07 21:33:43', NULL, 'eyJhbGciOiJIUzI1NiIsInR5cCI6IkpXVCJ9.eyJ1c2VySWQiOjEsInVzZXJuYW1lIjoiTXIu5aWH5re8IiwiQnVmZmVyVGltZSI6ODY0MDAsImF1ZCI6IktTRCIsImV4cCI6MTY5MjAxNDcxMCwiaWF0IjoxNjkxNDA5OTEwLCJpc3MiOiJLU0QtQURNSU4iLCJuYmYiOjE2OTE0MDk5MTB9.k4hJBrri5gGkx96ksRko9_8f0KmTW_cam_zwoMeNlWE', 0);
INSERT INTO `jwt_blacklists` VALUES (13, '2023-08-07 21:40:16', '2023-08-07 21:40:16', NULL, 'eyJhbGciOiJIUzI1NiIsInR5cCI6IkpXVCJ9.eyJ1c2VySWQiOjEsInVzZXJuYW1lIjoiTXIu5aWH5re8IiwiQnVmZmVyVGltZSI6ODY0MDAsImF1ZCI6IktTRCIsImV4cCI6MTY5MjAyMDM3OSwiaWF0IjoxNjkxNDE1NTc5LCJpc3MiOiJLU0QtQURNSU4iLCJuYmYiOjE2OTE0MTU1Nzl9.VM_brwlNzDYK1su7YRfq3EAOHFFtX8I__pBCJYYP4js', 0);
INSERT INTO `jwt_blacklists` VALUES (14, '2023-08-07 21:40:54', '2023-08-07 21:40:54', NULL, 'eyJhbGciOiJIUzI1NiIsInR5cCI6IkpXVCJ9.eyJ1c2VySWQiOjEsInVzZXJuYW1lIjoiTXIu5aWH5re8IiwiQnVmZmVyVGltZSI6ODY0MDAsImF1ZCI6IktTRCIsImV4cCI6MTY5MjAyMDQzNywiaWF0IjoxNjkxNDE1NjM3LCJpc3MiOiJLU0QtQURNSU4iLCJuYmYiOjE2OTE0MTU2Mzd9.nRQ_dQ6j2RBWSYGhBfahtrMtwLxK_O8xzMicnI6aFZY', 0);
INSERT INTO `jwt_blacklists` VALUES (15, '2023-08-07 21:44:56', '2023-08-07 21:44:56', NULL, 'eyJhbGciOiJIUzI1NiIsInR5cCI6IkpXVCJ9.eyJ1c2VySWQiOjEsInVzZXJuYW1lIjoiTXIu5aWH5re8IiwiQnVmZmVyVGltZSI6ODY0MDAsImF1ZCI6IktTRCIsImV4cCI6MTY5MjAyMDY3OCwiaWF0IjoxNjkxNDE1ODc4LCJpc3MiOiJLU0QtQURNSU4iLCJuYmYiOjE2OTE0MTU4Nzh9.O6Nu5AOGI7-qitdxVSTFix9_Ql9hJIJ3S-BG-xfE35g', 0);
INSERT INTO `jwt_blacklists` VALUES (16, '2023-08-08 00:26:15', '2023-08-08 00:26:15', NULL, 'eyJhbGciOiJIUzI1NiIsInR5cCI6IkpXVCJ9.eyJ1c2VySWQiOjEsInVzZXJuYW1lIjoiTXIu5aWH5re8IiwiQnVmZmVyVGltZSI6ODY0MDAsImF1ZCI6IktTRCIsImV4cCI6MTY5MjAyMDc2OCwiaWF0IjoxNjkxNDE1OTY4LCJpc3MiOiJLU0QtQURNSU4iLCJuYmYiOjE2OTE0MTU5Njh9.ly-CCJiKHRC6qWld3AuI2V_Bkzgb7YzNmGgkD11tdXo', 0);
INSERT INTO `jwt_blacklists` VALUES (17, '2023-08-08 01:25:07', '2023-08-08 01:25:07', NULL, 'eyJhbGciOiJIUzI1NiIsInR5cCI6IkpXVCJ9.eyJ1c2VySWQiOjEsInVzZXJuYW1lIjoiTXIu5aWH5re8IiwiQnVmZmVyVGltZSI6ODY0MDAsImF1ZCI6IktTRCIsImV4cCI6MTY5MjAzMzE4NywiaWF0IjoxNjkxNDI4Mzg3LCJpc3MiOiJLU0QtQURNSU4iLCJuYmYiOjE2OTE0MjgzODd9.IxtFDuhuTc2wcbdb_Nt9ls8ZjM8Gwo-P31iwwA1glys', 0);
INSERT INTO `jwt_blacklists` VALUES (18, '2023-08-08 14:11:58', '2023-08-08 14:11:58', NULL, 'eyJhbGciOiJIUzI1NiIsInR5cCI6IkpXVCJ9.eyJ1c2VySWQiOjEsInVzZXJuYW1lIjoiTXIu5aWH5re8IiwiQnVmZmVyVGltZSI6ODY0MDAsImF1ZCI6IktTRCIsImV4cCI6MTY5MjA3NjAxNiwiaWF0IjoxNjkxNDcxMjE2LCJpc3MiOiJLU0QtQURNSU4iLCJuYmYiOjE2OTE0NzEyMTZ9.NSUfXFz9lwnFFdAfZwDidTICkc_oqwVqfbTIDlJaZFI', 0);
INSERT INTO `jwt_blacklists` VALUES (19, '2023-08-08 14:16:34', '2023-08-08 14:16:34', NULL, 'eyJhbGciOiJIUzI1NiIsInR5cCI6IkpXVCJ9.eyJ1c2VySWQiOjEsInVzZXJuYW1lIjoiTXIu5aWH5re8IiwiQnVmZmVyVGltZSI6ODY0MDAsImF1ZCI6IktTRCIsImV4cCI6MTY5MjA3OTk1OCwiaWF0IjoxNjkxNDc1MTU4LCJpc3MiOiJLU0QtQURNSU4iLCJuYmYiOjE2OTE0NzUxNTh9.EXobTzDONsCM2aZXeosIxSTqYN2kjfKKRle9okwedRI', 0);
INSERT INTO `jwt_blacklists` VALUES (20, '2023-08-08 19:20:11', '2023-08-08 19:20:11', NULL, 'eyJhbGciOiJIUzI1NiIsInR5cCI6IkpXVCJ9.eyJ1c2VySWQiOjEsInVzZXJuYW1lIjoiTXIu5aWH5re8IiwiQnVmZmVyVGltZSI6ODY0MDAsImF1ZCI6IktTRCIsImV4cCI6MTY5MjA4MDIwNiwiaWF0IjoxNjkxNDc1NDA2LCJpc3MiOiJLU0QtQURNSU4iLCJuYmYiOjE2OTE0NzU0MDZ9.7SuI_MEYlNEWL9aLGZ0JaBWJfsUPKniGCfa7NAffVwk', 0);
INSERT INTO `jwt_blacklists` VALUES (21, '2023-08-08 20:46:00', '2023-08-08 20:46:00', NULL, 'eyJhbGciOiJIUzI1NiIsInR5cCI6IkpXVCJ9.eyJ1c2VySWQiOjEsInVzZXJuYW1lIjoiTXIu5aWH5re8IiwiQnVmZmVyVGltZSI6ODY0MDAsImF1ZCI6IktTRCIsImV4cCI6MTY5MjEwMTM1MSwiaWF0IjoxNjkxNDk2NTUxLCJpc3MiOiJLU0QtQURNSU4iLCJuYmYiOjE2OTE0OTY1NTF9.l7CW59Ze9Q3yWxUmzPYC9xVy-1kEOxmYNCbuULto9iE', 0);
INSERT INTO `jwt_blacklists` VALUES (22, '2023-08-08 20:51:34', '2023-08-08 20:51:34', NULL, 'eyJhbGciOiJIUzI1NiIsInR5cCI6IkpXVCJ9.eyJ1c2VySWQiOjEsInVzZXJuYW1lIjoiTXIu5aWH5re8IiwiQnVmZmVyVGltZSI6ODY0MDAsImF1ZCI6IktTRCIsImV4cCI6MTY5MjEwMzU2NiwiaWF0IjoxNjkxNDk4NzY2LCJpc3MiOiJLU0QtQURNSU4iLCJuYmYiOjE2OTE0OTg3NjZ9.Q-Wf8Cegj64iBKyP9f9T1tbbo7KKVu3QyKlwvygliR4', 0);
INSERT INTO `jwt_blacklists` VALUES (23, '2023-08-08 20:52:44', '2023-08-08 20:52:44', NULL, 'eyJhbGciOiJIUzI1NiIsInR5cCI6IkpXVCJ9.eyJ1c2VySWQiOjEsInVzZXJuYW1lIjoiTXIu5aWH5re8IiwiQnVmZmVyVGltZSI6ODY0MDAsImF1ZCI6IktTRCIsImV4cCI6MTY5MjEwMzg5NywiaWF0IjoxNjkxNDk5MDk3LCJpc3MiOiJLU0QtQURNSU4iLCJuYmYiOjE2OTE0OTkwOTd9.-IuZFz6DZPwoP22nAhuNRS8DHoDwmeb_JAZqDVdOIFw', 0);
INSERT INTO `jwt_blacklists` VALUES (24, '2023-08-08 20:55:44', '2023-08-08 20:55:44', NULL, 'eyJhbGciOiJIUzI1NiIsInR5cCI6IkpXVCJ9.eyJ1c2VySWQiOjEsInVzZXJuYW1lIjoiTXIu5aWH5re8IiwiQnVmZmVyVGltZSI6ODY0MDAsImF1ZCI6IktTRCIsImV4cCI6MTY5MjEwMzk3MiwiaWF0IjoxNjkxNDk5MTcyLCJpc3MiOiJLU0QtQURNSU4iLCJuYmYiOjE2OTE0OTkxNzJ9.zOt23JVoR5AiFZ_uCVPtPK8xQ3XcaFXI-HCACG9BDf4', 0);
INSERT INTO `jwt_blacklists` VALUES (25, '2023-08-08 20:56:13', '2023-08-08 20:56:13', NULL, 'eyJhbGciOiJIUzI1NiIsInR5cCI6IkpXVCJ9.eyJ1c2VySWQiOjEsInVzZXJuYW1lIjoiTXIu5aWH5re8IiwiQnVmZmVyVGltZSI6ODY0MDAsImF1ZCI6IktTRCIsImV4cCI6MTY5MjEwNDE0OSwiaWF0IjoxNjkxNDk5MzQ5LCJpc3MiOiJLU0QtQURNSU4iLCJuYmYiOjE2OTE0OTkzNDl9.dCv7Ad2K_PIYMC9YEUlNaLeqfaMSjfRVucuq3J2eJKo', 0);
INSERT INTO `jwt_blacklists` VALUES (26, '2023-08-08 20:56:40', '2023-08-08 20:56:40', NULL, 'eyJhbGciOiJIUzI1NiIsInR5cCI6IkpXVCJ9.eyJ1c2VySWQiOjEsInVzZXJuYW1lIjoiTXIu5aWH5re8IiwiQnVmZmVyVGltZSI6ODY0MDAsImF1ZCI6IktTRCIsImV4cCI6MTY5MjEwNDE3NywiaWF0IjoxNjkxNDk5Mzc3LCJpc3MiOiJLU0QtQURNSU4iLCJuYmYiOjE2OTE0OTkzNzd9.1-Frxsb3dVmviZjBgXfSPaJBa7OugP44htq7rOGooA0', 0);
INSERT INTO `jwt_blacklists` VALUES (27, '2023-08-08 20:57:09', '2023-08-08 20:57:09', NULL, 'eyJhbGciOiJIUzI1NiIsInR5cCI6IkpXVCJ9.eyJ1c2VySWQiOjEsInVzZXJuYW1lIjoiTXIu5aWH5re8IiwiQnVmZmVyVGltZSI6ODY0MDAsImF1ZCI6IktTRCIsImV4cCI6MTY5MjEwNDIyNSwiaWF0IjoxNjkxNDk5NDI1LCJpc3MiOiJLU0QtQURNSU4iLCJuYmYiOjE2OTE0OTk0MjV9.LkdBIk3GYCBnWEVI3LbH8nPOfzqRjL9hKwTnEfTsAIU', 0);
INSERT INTO `jwt_blacklists` VALUES (28, '2023-08-08 20:57:19', '2023-08-08 20:57:19', NULL, 'eyJhbGciOiJIUzI1NiIsInR5cCI6IkpXVCJ9.eyJ1c2VySWQiOjEsInVzZXJuYW1lIjoiTXIu5aWH5re8IiwiQnVmZmVyVGltZSI6ODY0MDAsImF1ZCI6IktTRCIsImV4cCI6MTY5MjEwNDIzMywiaWF0IjoxNjkxNDk5NDMzLCJpc3MiOiJLU0QtQURNSU4iLCJuYmYiOjE2OTE0OTk0MzN9.DymCJ4rN7uOzAZDL0ljCCu0nwZYcv0VRhc6bcZzLxEM', 0);
INSERT INTO `jwt_blacklists` VALUES (29, '2023-08-08 20:59:29', '2023-08-08 20:59:29', NULL, 'eyJhbGciOiJIUzI1NiIsInR5cCI6IkpXVCJ9.eyJ1c2VySWQiOjEsInVzZXJuYW1lIjoiTXIu5aWH5re8IiwiQnVmZmVyVGltZSI6ODY0MDAsImF1ZCI6IktTRCIsImV4cCI6MTY5MjEwNDI0MiwiaWF0IjoxNjkxNDk5NDQyLCJpc3MiOiJLU0QtQURNSU4iLCJuYmYiOjE2OTE0OTk0NDJ9.7ws5VNk0Q8cKpLPpFVBjsIgw1KY4-JBC6oaSDA6YTzU', 0);
INSERT INTO `jwt_blacklists` VALUES (30, '2023-08-08 21:00:06', '2023-08-08 21:00:06', NULL, 'eyJhbGciOiJIUzI1NiIsInR5cCI6IkpXVCJ9.eyJ1c2VySWQiOjEsInVzZXJuYW1lIjoiTXIu5aWH5re8IiwiQnVmZmVyVGltZSI6ODY0MDAsImF1ZCI6IktTRCIsImV4cCI6MTY5MjEwNDM5MCwiaWF0IjoxNjkxNDk5NTkwLCJpc3MiOiJLU0QtQURNSU4iLCJuYmYiOjE2OTE0OTk1OTB9.FUF69AJ5vwrKKR1q_IJduQk-cdwVQrEWO74g6Fris4E', 0);
INSERT INTO `jwt_blacklists` VALUES (31, '2023-08-08 21:53:38', '2023-08-08 21:53:38', NULL, 'eyJhbGciOiJIUzI1NiIsInR5cCI6IkpXVCJ9.eyJ1c2VySWQiOjEsInVzZXJuYW1lIjoiTXIu5aWH5re8IiwiQnVmZmVyVGltZSI6ODY0MDAsImF1ZCI6IktTRCIsImV4cCI6MTY5MjEwNDQxMSwiaWF0IjoxNjkxNDk5NjExLCJpc3MiOiJLU0QtQURNSU4iLCJuYmYiOjE2OTE0OTk2MTF9.b-S1sT7vqfZ_UsfV_FAH6UJm6rfuyPGfEePS2pbtMSs', 0);
INSERT INTO `jwt_blacklists` VALUES (32, '2023-08-08 21:53:55', '2023-08-08 21:53:55', NULL, 'eyJhbGciOiJIUzI1NiIsInR5cCI6IkpXVCJ9.eyJ1c2VySWQiOjMsInVzZXJuYW1lIjoi5Y-v5LmQIiwiQnVmZmVyVGltZSI6ODY0MDAsImF1ZCI6IktTRCIsImV4cCI6MTY5MjEwNzYyNywiaWF0IjoxNjkxNTAyODI3LCJpc3MiOiJLU0QtQURNSU4iLCJuYmYiOjE2OTE1MDI4Mjd9.WqX0wTYlDV_IZiDXQKErvLZcxOeeStB-yam6aCQMM-Q', 0);
INSERT INTO `jwt_blacklists` VALUES (33, '2023-08-08 22:13:16', '2023-08-08 22:13:16', NULL, 'eyJhbGciOiJIUzI1NiIsInR5cCI6IkpXVCJ9.eyJ1c2VySWQiOjEsInVzZXJuYW1lIjoiTXIu5aWH5re8IiwiQnVmZmVyVGltZSI6ODY0MDAsImF1ZCI6IktTRCIsImV4cCI6MTY5MjEwODAwNSwiaWF0IjoxNjkxNTAzMjA1LCJpc3MiOiJLU0QtQURNSU4iLCJuYmYiOjE2OTE1MDMyMDV9.ODSNE0aRSbydiRFkWFb_BCCW9wVRukkMKuwaHQ8EhDM', 0);
INSERT INTO `jwt_blacklists` VALUES (34, '2023-08-08 22:13:27', '2023-08-08 22:13:27', NULL, 'eyJhbGciOiJIUzI1NiIsInR5cCI6IkpXVCJ9.eyJ1c2VySWQiOjcsInVzZXJuYW1lIjoi5biD5LiBIiwiQnVmZmVyVGltZSI6ODY0MDAsImF1ZCI6IktTRCIsImV4cCI6MTY5MjEwODgwMiwiaWF0IjoxNjkxNTA0MDAyLCJpc3MiOiJLU0QtQURNSU4iLCJuYmYiOjE2OTE1MDQwMDJ9._BoG75C-oDq6E0AFajdEZKGm2Z4RrSqg1YBojBkAS2M', 0);
INSERT INTO `jwt_blacklists` VALUES (35, '2023-08-10 21:25:27', '2023-08-10 21:25:27', NULL, 'eyJhbGciOiJIUzI1NiIsInR5cCI6IkpXVCJ9.eyJ1c2VySWQiOjEsInVzZXJuYW1lIjoiTXIu5aWH5re8IiwiQnVmZmVyVGltZSI6ODY0MDAsImF1ZCI6IktTRCIsImV4cCI6MTY5MjI3ODcwMywiaWF0IjoxNjkxNjczOTAzLCJpc3MiOiJLU0QtQURNSU4iLCJuYmYiOjE2OTE2NzM5MDN9.h_s325y8a7cdSnBe77P43HP_ChvzGDnOapxcMkcO-bs', 0);
INSERT INTO `jwt_blacklists` VALUES (36, '2023-08-10 21:25:59', '2023-08-10 21:25:59', NULL, 'eyJhbGciOiJIUzI1NiIsInR5cCI6IkpXVCJ9.eyJ1c2VySWQiOjEsInVzZXJuYW1lIjoiTXIu5aWH5re8IiwiQnVmZmVyVGltZSI6ODY0MDAsImF1ZCI6IktTRCIsImV4cCI6MTY5MjI3ODc1NCwiaWF0IjoxNjkxNjczOTU0LCJpc3MiOiJLU0QtQURNSU4iLCJuYmYiOjE2OTE2NzM5NTR9.ige-9M2yBdSBFPIS3uKIFyAMNpbbf6WWnnEsLRG1u50', 0);
INSERT INTO `jwt_blacklists` VALUES (37, '2023-08-13 17:07:54', '2023-08-13 17:07:54', NULL, 'eyJhbGciOiJIUzI1NiIsInR5cCI6IkpXVCJ9.eyJ1c2VySWQiOjEsInVzZXJuYW1lIjoiTXIu5aWH5re8IiwiQnVmZmVyVGltZSI6ODY0MDAsImF1ZCI6IktTRCIsImV4cCI6MTY5MjUxNTQ4OSwiaWF0IjoxNjkxOTEwNjg5LCJpc3MiOiJLU0QtQURNSU4iLCJuYmYiOjE2OTE5MTA2ODl9.Yt6ZUwI1cEcWtkUNgIrHO-AmJUFHtDP3zo0PgtSlGB4', 0);
INSERT INTO `jwt_blacklists` VALUES (38, '2023-08-14 20:56:32', '2023-08-14 20:56:32', NULL, 'eyJhbGciOiJIUzI1NiIsInR5cCI6IkpXVCJ9.eyJ1c2VySWQiOjEsInVzZXJuYW1lIjoiTXIu5aWH5re8IiwiQnVmZmVyVGltZSI6ODY0MDAsImF1ZCI6IktTRCIsImV4cCI6MTY5MjYxOTIzOSwiaWF0IjoxNjkyMDE0NDM5LCJpc3MiOiJLU0QtQURNSU4iLCJuYmYiOjE2OTIwMTQ0Mzl9.6ftdJPgXi_hd3sRy06OZ9cbHTAAncriZBz50Juv8g1g', 0);
INSERT INTO `jwt_blacklists` VALUES (39, '2023-08-14 20:58:15', '2023-08-14 20:58:15', NULL, 'eyJhbGciOiJIUzI1NiIsInR5cCI6IkpXVCJ9.eyJ1c2VySWQiOjEsInVzZXJuYW1lIjoiTXIu5aWH5re8IiwiQnVmZmVyVGltZSI6ODY0MDAsImF1ZCI6IktTRCIsImV4cCI6MTY5MjYyMjYwMSwiaWF0IjoxNjkyMDE3ODAxLCJpc3MiOiJLU0QtQURNSU4iLCJuYmYiOjE2OTIwMTc4MDF9.7wWEw4qlfK24dakyLh3Xms0R14dQZnyAbNRGbZtHXjM', 0);
INSERT INTO `jwt_blacklists` VALUES (40, '2023-08-14 21:32:34', '2023-08-14 21:32:34', NULL, 'eyJhbGciOiJIUzI1NiIsInR5cCI6IkpXVCJ9.eyJ1c2VySWQiOjEsInVzZXJuYW1lIjoiTXIu5aWH5re8IiwiQnVmZmVyVGltZSI6ODY0MDAsImF1ZCI6IktTRCIsImV4cCI6MTY5MjYyMjcwMCwiaWF0IjoxNjkyMDE3OTAwLCJpc3MiOiJLU0QtQURNSU4iLCJuYmYiOjE2OTIwMTc5MDB9.vne75C14ngs2IW6MeOgm4f6AJ2kUWxO9JL1_zcfT4Tw', 0);
INSERT INTO `jwt_blacklists` VALUES (41, '2023-08-14 21:32:41', '2023-08-14 21:32:41', NULL, 'eyJhbGciOiJIUzI1NiIsInR5cCI6IkpXVCJ9.eyJ1c2VySWQiOjEsInVzZXJuYW1lIjoiTXIu5aWH5re8IiwiQnVmZmVyVGltZSI6ODY0MDAsImF1ZCI6IktTRCIsImV4cCI6MTY5MjYyNDc1NiwiaWF0IjoxNjkyMDE5OTU2LCJpc3MiOiJLU0QtQURNSU4iLCJuYmYiOjE2OTIwMTk5NTZ9.to4fpc4i3MJ_kmKofywx9txNwDFiq5HL_FKG-snFAGo', 0);
INSERT INTO `jwt_blacklists` VALUES (42, '2023-08-14 21:32:48', '2023-08-14 21:32:48', NULL, 'eyJhbGciOiJIUzI1NiIsInR5cCI6IkpXVCJ9.eyJ1c2VySWQiOjEsInVzZXJuYW1lIjoiTXIu5aWH5re8IiwiQnVmZmVyVGltZSI6ODY0MDAsImF1ZCI6IktTRCIsImV4cCI6MTY5MjYyNDc2MiwiaWF0IjoxNjkyMDE5OTYyLCJpc3MiOiJLU0QtQURNSU4iLCJuYmYiOjE2OTIwMTk5NjJ9.RTb1QuW4KFI3QoDE1zDfRmBhZsBXSwnvckKHKNCuUco', 0);
INSERT INTO `jwt_blacklists` VALUES (43, '2023-08-14 21:32:57', '2023-08-14 21:32:57', NULL, 'eyJhbGciOiJIUzI1NiIsInR5cCI6IkpXVCJ9.eyJ1c2VySWQiOjEsInVzZXJuYW1lIjoiTXIu5aWH5re8IiwiQnVmZmVyVGltZSI6ODY0MDAsImF1ZCI6IktTRCIsImV4cCI6MTY5MjYyNDc3MSwiaWF0IjoxNjkyMDE5OTcxLCJpc3MiOiJLU0QtQURNSU4iLCJuYmYiOjE2OTIwMTk5NzF9.NEcl0i6ebHVqotJO9bXTO6RRe9kD1TBUPeDzj0y6dk8', 0);
INSERT INTO `jwt_blacklists` VALUES (44, '2023-08-14 21:36:40', '2023-08-14 21:36:40', NULL, 'eyJhbGciOiJIUzI1NiIsInR5cCI6IkpXVCJ9.eyJ1c2VySWQiOjEsInVzZXJuYW1lIjoiTXIu5aWH5re8IiwiQnVmZmVyVGltZSI6ODY0MDAsImF1ZCI6IktTRCIsImV4cCI6MTY5MjYyNDc4MiwiaWF0IjoxNjkyMDE5OTgyLCJpc3MiOiJLU0QtQURNSU4iLCJuYmYiOjE2OTIwMTk5ODJ9.CVv_9bJeaMrpOz9RAkJIFgBDlV_5QwzGYyNW2K3xDEE', 0);
INSERT INTO `jwt_blacklists` VALUES (45, '2023-08-14 21:36:54', '2023-08-14 21:36:54', NULL, 'eyJhbGciOiJIUzI1NiIsInR5cCI6IkpXVCJ9.eyJ1c2VySWQiOjI3LCJ1c2VybmFtZSI6IjIzNDIzNCIsIkJ1ZmZlclRpbWUiOjg2NDAwLCJhdWQiOiJLU0QiLCJleHAiOjE2OTI2MjUwMDYsImlhdCI6MTY5MjAyMDIwNiwiaXNzIjoiS1NELUFETUlOIiwibmJmIjoxNjkyMDIwMjA2fQ.cuWRMyD5hkbPtsdrN595yWR4alDoPJ_DBiI4VPCXy58', 0);
INSERT INTO `jwt_blacklists` VALUES (46, '2023-08-18 19:48:14', '2023-08-18 19:48:14', NULL, 'eyJhbGciOiJIUzI1NiIsInR5cCI6IkpXVCJ9.eyJ1c2VySWQiOjEsInVzZXJuYW1lIjoiTXIu5aWH5re8IiwiQnVmZmVyVGltZSI6ODY0MDAsImF1ZCI6IktTRCIsImV4cCI6MTY5Mjk2Mzk2MSwiaWF0IjoxNjkyMzU5MTYxLCJpc3MiOiJLU0QtQURNSU4iLCJuYmYiOjE2OTIzNTkxNjF9.rroa0A4l5qJ01URSbGovCssT3sOFkVbNMgEj3sO63VQ', 0);
INSERT INTO `jwt_blacklists` VALUES (47, '2023-08-18 22:16:47', '2023-08-18 22:16:47', NULL, 'eyJhbGciOiJIUzI1NiIsInR5cCI6IkpXVCJ9.eyJ1c2VySWQiOjEsInVzZXJuYW1lIjoiTXIu5aWH5re8IiwiQnVmZmVyVGltZSI6ODY0MDAsImF1ZCI6IktTRCIsImV4cCI6MTY5Mjk2NDA5OCwiaWF0IjoxNjkyMzU5Mjk4LCJpc3MiOiJLU0QtQURNSU4iLCJuYmYiOjE2OTIzNTkyOTh9.SiSgE0268J5J2A8M-bbLwhzxWSUMYIgpvZjP629Lrh0', 0);
INSERT INTO `jwt_blacklists` VALUES (48, '2023-08-18 22:19:01', '2023-08-18 22:19:01', NULL, 'eyJhbGciOiJIUzI1NiIsInR5cCI6IkpXVCJ9.eyJ1c2VySWQiOjEsInVzZXJuYW1lIjoiTXIu5aWH5re8IiwiQnVmZmVyVGltZSI6ODY0MDAsImF1ZCI6IktTRCIsImV4cCI6MTY5Mjk3MzEyNywiaWF0IjoxNjkyMzY4MzI3LCJpc3MiOiJLU0QtQURNSU4iLCJuYmYiOjE2OTIzNjgzMjd9.br-_Bx_17L1FG9G20qiCy8k5omvcSNEOu7T3CtQHEzk', 0);
INSERT INTO `jwt_blacklists` VALUES (49, '2023-08-20 15:26:36', '2023-08-20 15:26:36', NULL, 'eyJhbGciOiJIUzI1NiIsInR5cCI6IkpXVCJ9.eyJ1c2VySWQiOjEsInVzZXJuYW1lIjoiTXIu5aWH5re8IiwiQnVmZmVyVGltZSI6ODY0MDAsImF1ZCI6IktTRCIsImV4cCI6MTY5MzEwOTU2NiwiaWF0IjoxNjkyNTA0NzY2LCJpc3MiOiJLU0QtQURNSU4iLCJuYmYiOjE2OTI1MDQ3NjZ9.9O5mG5Q3e3reyMYmJewmNH_vVKzxRxQkMgZmiuy3tHo', 0);
INSERT INTO `jwt_blacklists` VALUES (50, '2023-08-20 15:45:45', '2023-08-20 15:45:45', NULL, 'eyJhbGciOiJIUzI1NiIsInR5cCI6IkpXVCJ9.eyJ1c2VySWQiOjEsInVzZXJuYW1lIjoiTXIu5aWH5re8IiwiQnVmZmVyVGltZSI6ODY0MDAsImF1ZCI6IktTRCIsImV4cCI6MTY5MzEyMTIwMSwiaWF0IjoxNjkyNTE2NDAxLCJpc3MiOiJLU0QtQURNSU4iLCJuYmYiOjE2OTI1MTY0MDF9.R1Usjy0_All5aLk0_utTFW1pJf0r4fkQT8KbMcNCCkM', 0);
INSERT INTO `jwt_blacklists` VALUES (51, '2023-08-20 15:57:45', '2023-08-20 15:57:45', NULL, 'eyJhbGciOiJIUzI1NiIsInR5cCI6IkpXVCJ9.eyJ1c2VySWQiOjEsInVzZXJuYW1lIjoiTXIu5aWH5re8IiwiQnVmZmVyVGltZSI6ODY0MDAsImF1ZCI6IktTRCIsImV4cCI6MTY5MzEyMjM1MiwiaWF0IjoxNjkyNTE3NTUyLCJpc3MiOiJLU0QtQURNSU4iLCJuYmYiOjE2OTI1MTc1NTJ9.4xXt-XXBoxx_z6K02RXzBQNjUPvuFUdXZpIVGR2_vno', 0);
INSERT INTO `jwt_blacklists` VALUES (52, '2023-08-20 16:06:58', '2023-08-20 16:06:58', NULL, 'eyJhbGciOiJIUzI1NiIsInR5cCI6IkpXVCJ9.eyJ1c2VySWQiOjEsInVzZXJuYW1lIjoiTXIu5aWH5re8IiwiQnVmZmVyVGltZSI6ODY0MDAsImF1ZCI6IktTRCIsImV4cCI6MTY5MzEyMzA3MSwiaWF0IjoxNjkyNTE4MjcxLCJpc3MiOiJLU0QtQURNSU4iLCJuYmYiOjE2OTI1MTgyNzF9.KmI6o099Cs335LyCwHnRXHXxLdpBWbWBk0rgO4i3rK4', 0);
INSERT INTO `jwt_blacklists` VALUES (53, '2023-08-20 16:15:43', '2023-08-20 16:15:43', NULL, 'eyJhbGciOiJIUzI1NiIsInR5cCI6IkpXVCJ9.eyJ1c2VySWQiOjEsInVzZXJuYW1lIjoiTXIu5aWH5re8IiwiQnVmZmVyVGltZSI6ODY0MDAsImF1ZCI6IktTRCIsImV4cCI6MTY5MzEyMzYyNCwiaWF0IjoxNjkyNTE4ODI0LCJpc3MiOiJLU0QtQURNSU4iLCJuYmYiOjE2OTI1MTg4MjR9.hiYeGg3GjE-jI9bi1iAwyyquJwvgQoJDTrmRLocXCv8', 0);
INSERT INTO `jwt_blacklists` VALUES (54, '2023-08-20 16:24:15', '2023-08-20 16:24:15', NULL, 'eyJhbGciOiJIUzI1NiIsInR5cCI6IkpXVCJ9.eyJ1c2VySWQiOjEsInVzZXJuYW1lIjoiTXIu5aWH5re8IiwiQnVmZmVyVGltZSI6ODY0MDAsImF1ZCI6IktTRCIsImV4cCI6MTY5MzEyNDM4MiwiaWF0IjoxNjkyNTE5NTgyLCJpc3MiOiJLU0QtQURNSU4iLCJuYmYiOjE2OTI1MTk1ODJ9.joXq4AU-5-SIRHqsbm3CoMmmPuwl33ePdjfe_ClQLH0', 0);
INSERT INTO `jwt_blacklists` VALUES (55, '2023-08-20 16:28:25', '2023-08-20 16:28:25', NULL, 'eyJhbGciOiJIUzI1NiIsInR5cCI6IkpXVCJ9.eyJ1c2VySWQiOjEsInVzZXJuYW1lIjoiTXIu5aWH5re8IiwiQnVmZmVyVGltZSI6ODY0MDAsImF1ZCI6IktTRCIsImV4cCI6MTY5MzEyNDY1OSwiaWF0IjoxNjkyNTE5ODU5LCJpc3MiOiJLU0QtQURNSU4iLCJuYmYiOjE2OTI1MTk4NTl9.nIyvu2-rHsDuzF0sj0xETM2lHfSBoJf2JoDyViwyVdE', 0);
INSERT INTO `jwt_blacklists` VALUES (56, '2023-08-20 16:36:23', '2023-08-20 16:36:23', NULL, 'eyJhbGciOiJIUzI1NiIsInR5cCI6IkpXVCJ9.eyJ1c2VySWQiOjEsInVzZXJuYW1lIjoiTXIu5aWH5re8IiwiQnVmZmVyVGltZSI6ODY0MDAsImF1ZCI6IktTRCIsImV4cCI6MTY5MzEyNDkxMSwiaWF0IjoxNjkyNTIwMTExLCJpc3MiOiJLU0QtQURNSU4iLCJuYmYiOjE2OTI1MjAxMTF9.QkGioNqNae3aqMD1-GniH0knVMiQznntJKNG1GjgQB0', 0);
INSERT INTO `jwt_blacklists` VALUES (57, '2023-08-20 16:36:45', '2023-08-20 16:36:45', NULL, 'eyJhbGciOiJIUzI1NiIsInR5cCI6IkpXVCJ9.eyJ1c2VySWQiOjEsInVzZXJuYW1lIjoiTXIu5aWH5re8IiwiQnVmZmVyVGltZSI6ODY0MDAsImF1ZCI6IktTRCIsImV4cCI6MTY5MzEyNTM4OCwiaWF0IjoxNjkyNTIwNTg4LCJpc3MiOiJLU0QtQURNSU4iLCJuYmYiOjE2OTI1MjA1ODh9.WNW2wUFrXIXpLmy0_m4cSjyeY3Dx9Rln1JsP5g_deCA', 0);
INSERT INTO `jwt_blacklists` VALUES (58, '2023-08-20 16:51:56', '2023-08-20 16:51:56', NULL, 'eyJhbGciOiJIUzI1NiIsInR5cCI6IkpXVCJ9.eyJ1c2VySWQiOjEsInVzZXJuYW1lIjoiTXIu5aWH5re8IiwiQnVmZmVyVGltZSI6ODY0MDAsImF1ZCI6IktTRCIsImV4cCI6MTY5MzEyNTQxMCwiaWF0IjoxNjkyNTIwNjEwLCJpc3MiOiJLU0QtQURNSU4iLCJuYmYiOjE2OTI1MjA2MTB9.1U74bTsEEeGKj5eJIfd2tTqTOrqDZdG5gQR911A6FH8', 0);
INSERT INTO `jwt_blacklists` VALUES (59, '2023-08-20 17:16:14', '2023-08-20 17:16:14', NULL, 'eyJhbGciOiJIUzI1NiIsInR5cCI6IkpXVCJ9.eyJ1c2VySWQiOjEsInVzZXJuYW1lIjoiTXIu5aWH5re8IiwiQnVmZmVyVGltZSI6ODY0MDAsImF1ZCI6IktTRCIsImV4cCI6MTY5MzEyNjMyMywiaWF0IjoxNjkyNTIxNTIzLCJpc3MiOiJLU0QtQURNSU4iLCJuYmYiOjE2OTI1MjE1MjN9.3EKkmfGr44-jl8ndTUldl-dfqsjiTohbd_GYsfDvojY', 0);
INSERT INTO `jwt_blacklists` VALUES (60, '2023-08-20 19:55:37', '2023-08-20 19:55:37', NULL, 'eyJhbGciOiJIUzI1NiIsInR5cCI6IkpXVCJ9.eyJ1c2VySWQiOjEsInVzZXJuYW1lIjoiTXIu5aWH5re8IiwiQnVmZmVyVGltZSI6ODY0MDAsImF1ZCI6IktTRCIsImV4cCI6MTY5MzA1MTk2OCwiaWF0IjoxNjkyNDQ3MTY4LCJpc3MiOiJLU0QtQURNSU4iLCJuYmYiOjE2OTI0NDcxNjh9.pnNs7DL9-9jpMxVJOSr7A4lX4QYkOL6gpiqrLJsjTvg', 0);
INSERT INTO `jwt_blacklists` VALUES (61, '2023-08-20 20:01:00', '2023-08-20 20:01:00', NULL, 'eyJhbGciOiJIUzI1NiIsInR5cCI6IkpXVCJ9.eyJ1c2VySWQiOjEsInVzZXJuYW1lIjoiTXIu5aWH5re8IiwiQnVmZmVyVGltZSI6ODY0MDAsImF1ZCI6IktTRCIsImV4cCI6MTY5MzEzNzM0MSwiaWF0IjoxNjkyNTMyNTQxLCJpc3MiOiJLU0QtQURNSU4iLCJuYmYiOjE2OTI1MzI1NDF9.PvQZiyE4JtNlSrzgA3kVkMqEcG7Jbde7CH6vGGoTYyE', 0);
INSERT INTO `jwt_blacklists` VALUES (62, '2023-08-20 22:24:19', '2023-08-20 22:24:19', NULL, 'eyJhbGciOiJIUzI1NiIsInR5cCI6IkpXVCJ9.eyJ1c2VySWQiOjEsInVzZXJuYW1lIjoiTXIu5aWH5re8IiwiQnVmZmVyVGltZSI6ODY0MDAsImF1ZCI6IktTRCIsImV4cCI6MTY5MzEzNzY5OSwiaWF0IjoxNjkyNTMyODk5LCJpc3MiOiJLU0QtQURNSU4iLCJuYmYiOjE2OTI1MzI4OTl9.t7E6i06ENb5hKrmVN5MMD-JegZWYU6V-djEZq8SqL_8', 0);
INSERT INTO `jwt_blacklists` VALUES (63, '2023-08-20 22:25:04', '2023-08-20 22:25:04', NULL, 'eyJhbGciOiJIUzI1NiIsInR5cCI6IkpXVCJ9.eyJ1c2VySWQiOjEsInVzZXJuYW1lIjoiTXIu5aWH5re8IiwiQnVmZmVyVGltZSI6ODY0MDAsImF1ZCI6IktTRCIsImV4cCI6MTY5MzE0NjI2MiwiaWF0IjoxNjkyNTQxNDYyLCJpc3MiOiJLU0QtQURNSU4iLCJuYmYiOjE2OTI1NDE0NjJ9.bOewYCgdO9i4LbDVdnml03pPE3csor1WEVzI-LsWimU', 0);
INSERT INTO `jwt_blacklists` VALUES (64, '2023-08-20 22:34:22', '2023-08-20 22:34:22', NULL, 'eyJhbGciOiJIUzI1NiIsInR5cCI6IkpXVCJ9.eyJ1c2VySWQiOjEsInVzZXJuYW1lIjoiTXIu5aWH5re8IiwiQnVmZmVyVGltZSI6ODY0MDAsImF1ZCI6IktTRCIsImV4cCI6MTY5MzE0NjYyMiwiaWF0IjoxNjkyNTQxODIyLCJpc3MiOiJLU0QtQURNSU4iLCJuYmYiOjE2OTI1NDE4MjJ9.VPM9lwTcJXwtDtRyW1EQI84w1VAjMDisK3e0zdifQnM', 0);
INSERT INTO `jwt_blacklists` VALUES (65, '2023-08-20 22:36:29', '2023-08-20 22:36:29', NULL, 'eyJhbGciOiJIUzI1NiIsInR5cCI6IkpXVCJ9.eyJ1c2VySWQiOjEsInVzZXJuYW1lIjoiTXIu5aWH5re8IiwiQnVmZmVyVGltZSI6ODY0MDAsImF1ZCI6IktTRCIsImV4cCI6MTY5MzE0Njg2OCwiaWF0IjoxNjkyNTQyMDY4LCJpc3MiOiJLU0QtQURNSU4iLCJuYmYiOjE2OTI1NDIwNjh9.Z6YPLOegDUb6Cp3ozpdjUBJiEJ1q3YqvXWB4Gl3_AQk', 0);
INSERT INTO `jwt_blacklists` VALUES (66, '2023-08-20 22:37:02', '2023-08-20 22:37:02', NULL, 'eyJhbGciOiJIUzI1NiIsInR5cCI6IkpXVCJ9.eyJ1c2VySWQiOjEsInVzZXJuYW1lIjoiTXIu5aWH5re8IiwiQnVmZmVyVGltZSI6ODY0MDAsImF1ZCI6IktTRCIsImV4cCI6MTY5MzE0Njk5MywiaWF0IjoxNjkyNTQyMTkzLCJpc3MiOiJLU0QtQURNSU4iLCJuYmYiOjE2OTI1NDIxOTN9.CXqKoSmFGJkV_0_UXqKSs2txRTRfzMGfE3x5_DS3wKw', 0);
INSERT INTO `jwt_blacklists` VALUES (67, '2023-08-20 22:37:47', '2023-08-20 22:37:47', NULL, 'eyJhbGciOiJIUzI1NiIsInR5cCI6IkpXVCJ9.eyJ1c2VySWQiOjEsInVzZXJuYW1lIjoiTXIu5aWH5re8IiwiQnVmZmVyVGltZSI6ODY0MDAsImF1ZCI6IktTRCIsImV4cCI6MTY5MzE0NzAyNSwiaWF0IjoxNjkyNTQyMjI1LCJpc3MiOiJLU0QtQURNSU4iLCJuYmYiOjE2OTI1NDIyMjV9.Ay32Qb5zj2swr44qdjKwQarkeaKh_2AO_YaGMh9IeBQ', 0);
INSERT INTO `jwt_blacklists` VALUES (68, '2023-08-20 22:39:07', '2023-08-20 22:39:07', NULL, 'eyJhbGciOiJIUzI1NiIsInR5cCI6IkpXVCJ9.eyJ1c2VySWQiOjEsInVzZXJuYW1lIjoiTXIu5aWH5re8IiwiQnVmZmVyVGltZSI6ODY0MDAsImF1ZCI6IktTRCIsImV4cCI6MTY5MzE0NzA3MSwiaWF0IjoxNjkyNTQyMjcxLCJpc3MiOiJLU0QtQURNSU4iLCJuYmYiOjE2OTI1NDIyNzF9.cko4pYKt6z0lXZYCjDZaiHThxpAw9haqWpmbI_ycYpI', 0);
INSERT INTO `jwt_blacklists` VALUES (69, '2023-08-20 22:41:13', '2023-08-20 22:41:13', NULL, 'eyJhbGciOiJIUzI1NiIsInR5cCI6IkpXVCJ9.eyJ1c2VySWQiOjEsInVzZXJuYW1lIjoiTXIu5aWH5re8IiwiQnVmZmVyVGltZSI6ODY0MDAsImF1ZCI6IktTRCIsImV4cCI6MTY5MzE0NzE1NSwiaWF0IjoxNjkyNTQyMzU1LCJpc3MiOiJLU0QtQURNSU4iLCJuYmYiOjE2OTI1NDIzNTV9.hPCJMdFcww5TqdXubTUnfwW-xRYYfVxb_tF2JnaOLho', 0);
INSERT INTO `jwt_blacklists` VALUES (70, '2023-08-20 22:45:56', '2023-08-20 22:45:56', NULL, 'eyJhbGciOiJIUzI1NiIsInR5cCI6IkpXVCJ9.eyJ1c2VySWQiOjEsInVzZXJuYW1lIjoiTXIu5aWH5re8IiwiQnVmZmVyVGltZSI6ODY0MDAsImF1ZCI6IktTRCIsImV4cCI6MTY5MzE0NzI4MywiaWF0IjoxNjkyNTQyNDgzLCJpc3MiOiJLU0QtQURNSU4iLCJuYmYiOjE2OTI1NDI0ODN9.xiXbPbrgkkieyRQpo0-6x8v-kJL4nT0Sp9XgdkVrjVo', 0);
INSERT INTO `jwt_blacklists` VALUES (71, '2023-08-20 22:50:59', '2023-08-20 22:50:59', NULL, 'eyJhbGciOiJIUzI1NiIsInR5cCI6IkpXVCJ9.eyJ1c2VySWQiOjEsInVzZXJuYW1lIjoiTXIu5aWH5re8IiwiQnVmZmVyVGltZSI6ODY0MDAsImF1ZCI6IktTRCIsImV4cCI6MTY5MzE0NzU1OSwiaWF0IjoxNjkyNTQyNzU5LCJpc3MiOiJLU0QtQURNSU4iLCJuYmYiOjE2OTI1NDI3NTl9.t3xBXss6_doCCJgCvq-jh-3FfrRd0RXtHaB7ECyHt5g', 0);
INSERT INTO `jwt_blacklists` VALUES (72, '2023-08-20 22:51:40', '2023-08-20 22:51:40', NULL, 'eyJhbGciOiJIUzI1NiIsInR5cCI6IkpXVCJ9.eyJ1c2VySWQiOjEsInVzZXJuYW1lIjoiTXIu5aWH5re8IiwiQnVmZmVyVGltZSI6ODY0MDAsImF1ZCI6IktTRCIsImV4cCI6MTY5MzE0Nzg2MywiaWF0IjoxNjkyNTQzMDYzLCJpc3MiOiJLU0QtQURNSU4iLCJuYmYiOjE2OTI1NDMwNjN9.7VwbMMil614Ojsxw0PcAXtM1tp2D9C_n0zKCe6OCNow', 0);
INSERT INTO `jwt_blacklists` VALUES (73, '2023-08-20 23:03:33', '2023-08-20 23:03:33', NULL, 'eyJhbGciOiJIUzI1NiIsInR5cCI6IkpXVCJ9.eyJ1c2VySWQiOjEsInVzZXJuYW1lIjoiTXIu5aWH5re8IiwiQnVmZmVyVGltZSI6ODY0MDAsImF1ZCI6IktTRCIsImV4cCI6MTY5MzE0NzkwNSwiaWF0IjoxNjkyNTQzMTA1LCJpc3MiOiJLU0QtQURNSU4iLCJuYmYiOjE2OTI1NDMxMDV9.ABJlOXaLx1K3UA0vbGcYpkO4ZCnBDtJP-Chrz9XAF9s', 0);
INSERT INTO `jwt_blacklists` VALUES (74, '2023-08-22 20:50:09', '2023-08-22 20:50:09', NULL, 'eyJhbGciOiJIUzI1NiIsInR5cCI6IkpXVCJ9.eyJ1c2VySWQiOjEsInVzZXJuYW1lIjoiTXIu5aWH5re8IiwiQnVmZmVyVGltZSI6ODY0MDAsImF1ZCI6IktTRCIsImV4cCI6MTY5MzMxMDgxNSwiaWF0IjoxNjkyNzA2MDE1LCJpc3MiOiJLU0QtQURNSU4iLCJuYmYiOjE2OTI3MDYwMTV9.UN5ZZkvWwAEcJZ1mGiv4jNnG_eoRx61n2ypLpV5G7s4', 0);
INSERT INTO `jwt_blacklists` VALUES (75, '2023-08-22 20:51:16', '2023-08-22 20:51:16', NULL, 'eyJhbGciOiJIUzI1NiIsInR5cCI6IkpXVCJ9.eyJ1c2VySWQiOjEsInVzZXJuYW1lIjoiTXIu5aWH5re8IiwiQnVmZmVyVGltZSI6ODY0MDAsImF1ZCI6IktTRCIsImV4cCI6MTY5MzMxMzQxNCwiaWF0IjoxNjkyNzA4NjE0LCJpc3MiOiJLU0QtQURNSU4iLCJuYmYiOjE2OTI3MDg2MTR9.INLPr6J4oQ5CNWm2x5cVr1kd4REV1aZPcQn9wVcyWLQ', 0);
INSERT INTO `jwt_blacklists` VALUES (76, '2023-08-22 20:54:38', '2023-08-22 20:54:38', NULL, 'eyJhbGciOiJIUzI1NiIsInR5cCI6IkpXVCJ9.eyJ1c2VySWQiOjEsInVzZXJuYW1lIjoiTXIu5aWH5re8IiwiQnVmZmVyVGltZSI6ODY0MDAsImF1ZCI6IktTRCIsImV4cCI6MTY5MzMxMzQ4MCwiaWF0IjoxNjkyNzA4NjgwLCJpc3MiOiJLU0QtQURNSU4iLCJuYmYiOjE2OTI3MDg2ODB9._7x44-Q1I22ztJUdYW7W0kVP3QmQDbNOIt_7J8NPmLI', 0);
INSERT INTO `jwt_blacklists` VALUES (77, '2023-08-22 20:57:12', '2023-08-22 20:57:12', NULL, 'eyJhbGciOiJIUzI1NiIsInR5cCI6IkpXVCJ9.eyJ1c2VySWQiOjEsInVzZXJuYW1lIjoiTXIu5aWH5re8IiwiQnVmZmVyVGltZSI6ODY0MDAsImF1ZCI6IktTRCIsImV4cCI6MTY5MzMxMzY5MiwiaWF0IjoxNjkyNzA4ODkyLCJpc3MiOiJLU0QtQURNSU4iLCJuYmYiOjE2OTI3MDg4OTJ9.sct2F5m4MBNKGStXV3zFctobQy1L3KZ7W1v_yWJVk9w', 0);
INSERT INTO `jwt_blacklists` VALUES (78, '2023-08-22 21:24:10', '2023-08-22 21:24:10', NULL, 'eyJhbGciOiJIUzI1NiIsInR5cCI6IkpXVCJ9.eyJ1c2VySWQiOjEsInVzZXJuYW1lIjoiTXIu5aWH5re8IiwiQnVmZmVyVGltZSI6ODY0MDAsImF1ZCI6IktTRCIsImV4cCI6MTY5MzMxNTQxMSwiaWF0IjoxNjkyNzEwNjExLCJpc3MiOiJLU0QtQURNSU4iLCJuYmYiOjE2OTI3MTA2MTF9.0mqmr4UX1MH1oAvZqAPMbyvUnlzdDxCchwKO2__ChqY', 0);
INSERT INTO `jwt_blacklists` VALUES (79, '2023-08-22 21:25:41', '2023-08-22 21:25:41', NULL, 'eyJhbGciOiJIUzI1NiIsInR5cCI6IkpXVCJ9.eyJ1c2VySWQiOjEsInVzZXJuYW1lIjoiTXIu5aWH5re8IiwiQnVmZmVyVGltZSI6ODY0MDAsImF1ZCI6IktTRCIsImV4cCI6MTY5MzMxNTQ1NCwiaWF0IjoxNjkyNzEwNjU0LCJpc3MiOiJLU0QtQURNSU4iLCJuYmYiOjE2OTI3MTA2NTR9.x9ad_BcxOOW_uXiNaKgVAojs_A7Gs1uGuUhNkotAXYM', 0);
INSERT INTO `jwt_blacklists` VALUES (80, '2023-08-22 21:27:06', '2023-08-22 21:27:06', NULL, 'eyJhbGciOiJIUzI1NiIsInR5cCI6IkpXVCJ9.eyJ1c2VySWQiOjEsInVzZXJuYW1lIjoiTXIu5aWH5re8IiwiQnVmZmVyVGltZSI6ODY0MDAsImF1ZCI6IktTRCIsImV4cCI6MTY5MzMxNTU0NCwiaWF0IjoxNjkyNzEwNzQ0LCJpc3MiOiJLU0QtQURNSU4iLCJuYmYiOjE2OTI3MTA3NDR9.tSH_1vS0aIhGpTclwfllZ0Hsa8AMHtjguhJ32o2ZHGs', 0);
INSERT INTO `jwt_blacklists` VALUES (81, '2023-08-22 21:29:09', '2023-08-22 21:29:09', NULL, 'eyJhbGciOiJIUzI1NiIsInR5cCI6IkpXVCJ9.eyJ1c2VySWQiOjEsInVzZXJuYW1lIjoiTXIu5aWH5re8IiwiQnVmZmVyVGltZSI6ODY0MDAsImF1ZCI6IktTRCIsImV4cCI6MTY5MzMxNTYyOSwiaWF0IjoxNjkyNzEwODI5LCJpc3MiOiJLU0QtQURNSU4iLCJuYmYiOjE2OTI3MTA4Mjl9.NptQz5eyHtQYdBuLiQKnAVRNQ6bdZEH3TNx16JWwNGI', 0);
INSERT INTO `jwt_blacklists` VALUES (82, '2023-08-22 21:35:47', '2023-08-22 21:35:47', NULL, 'eyJhbGciOiJIUzI1NiIsInR5cCI6IkpXVCJ9.eyJ1c2VySWQiOjEsInVzZXJuYW1lIjoiTXIu5aWH5re8IiwiQnVmZmVyVGltZSI6ODY0MDAsImF1ZCI6IktTRCIsImV4cCI6MTY5MzMxNTc1NSwiaWF0IjoxNjkyNzEwOTU1LCJpc3MiOiJLU0QtQURNSU4iLCJuYmYiOjE2OTI3MTA5NTV9.kXNpYBLAmXZHM7PgVFzI5fUNymMtWeNiJnmhWczaOEI', 0);
INSERT INTO `jwt_blacklists` VALUES (83, '2023-08-22 21:39:42', '2023-08-22 21:39:42', NULL, 'eyJhbGciOiJIUzI1NiIsInR5cCI6IkpXVCJ9.eyJ1c2VySWQiOjEsInVzZXJuYW1lIjoiTXIu5aWH5re8IiwiQnVmZmVyVGltZSI6ODY0MDAsImF1ZCI6IktTRCIsImV4cCI6MTY5MzMxNjE1MiwiaWF0IjoxNjkyNzExMzUyLCJpc3MiOiJLU0QtQURNSU4iLCJuYmYiOjE2OTI3MTEzNTJ9.15Sy0iyuQoXL-8800XZrMi24S11cPDBpdq1C0NgvFGw', 0);
INSERT INTO `jwt_blacklists` VALUES (84, '2023-08-24 01:46:17', '2023-08-24 01:46:17', NULL, 'eyJhbGciOiJIUzI1NiIsInR5cCI6IkpXVCJ9.eyJ1c2VySWQiOjEsInVzZXJuYW1lIjoiTXIu5aWH5re8IiwiQnVmZmVyVGltZSI6ODY0MDAsImF1ZCI6IktTRCIsImV4cCI6MTY5MzE0ODYxNiwiaWF0IjoxNjkyNTQzODE2LCJpc3MiOiJLU0QtQURNSU4iLCJuYmYiOjE2OTI1NDM4MTZ9.4ppzjKHckGXAG3AnHf6DuEh4P_h8XfYgOe8PqHN4rnI', 0);
INSERT INTO `jwt_blacklists` VALUES (85, '2023-08-24 01:49:03', '2023-08-24 01:49:03', NULL, 'eyJhbGciOiJIUzI1NiIsInR5cCI6IkpXVCJ9.eyJ1c2VySWQiOjEsInVzZXJuYW1lIjoiTXIu5aWH5re8IiwiQnVmZmVyVGltZSI6ODY0MDAsImF1ZCI6IktTRCIsImV4cCI6MTY5MzQxNzYxMywiaWF0IjoxNjkyODEyODEzLCJpc3MiOiJLU0QtQURNSU4iLCJuYmYiOjE2OTI4MTI4MTN9.Gdg5sCv4_RMriouLHdgZ-tISkEbkDJf0eFMBArbLaqA', 0);
INSERT INTO `jwt_blacklists` VALUES (86, '2023-08-24 01:55:10', '2023-08-24 01:55:10', NULL, 'eyJhbGciOiJIUzI1NiIsInR5cCI6IkpXVCJ9.eyJ1c2VySWQiOjEsInVzZXJuYW1lIjoiTXIu5aWH5re8IiwiQnVmZmVyVGltZSI6ODY0MDAsImF1ZCI6IktTRCIsImV4cCI6MTY5MzQxNzc0OCwiaWF0IjoxNjkyODEyOTQ4LCJpc3MiOiJLU0QtQURNSU4iLCJuYmYiOjE2OTI4MTI5NDh9.NIeo075RcbkKNG4zhf8QTou2zA7H-hRNrNhnZFKS2SY', 0);
INSERT INTO `jwt_blacklists` VALUES (87, '2023-08-24 20:27:04', '2023-08-24 20:27:04', NULL, 'eyJhbGciOiJIUzI1NiIsInR5cCI6IkpXVCJ9.eyJ1c2VySWQiOjEsInVzZXJuYW1lIjoiTXIu5aWH5re8IiwiQnVmZmVyVGltZSI6ODY0MDAsImF1ZCI6IktTRCIsImV4cCI6MTY5MzQ4NDY2OSwiaWF0IjoxNjkyODc5ODY5LCJpc3MiOiJLU0QtQURNSU4iLCJuYmYiOjE2OTI4Nzk4Njl9.v8-fD6WlwAKqS1wRc--EIByXKK3ThkLJqnwSIyn-rAs', 0);
INSERT INTO `jwt_blacklists` VALUES (88, '2023-08-24 22:01:04', '2023-08-24 22:01:04', NULL, 'eyJhbGciOiJIUzI1NiIsInR5cCI6IkpXVCJ9.eyJ1c2VySWQiOjEsInVzZXJuYW1lIjoiTXIu5aWH5re8IiwiQnVmZmVyVGltZSI6ODY0MDAsImF1ZCI6IktTRCIsImV4cCI6MTY5MzQ4NTQyMiwiaWF0IjoxNjkyODgwNjIyLCJpc3MiOiJLU0QtQURNSU4iLCJuYmYiOjE2OTI4ODA2MjJ9.E5BaqQ71eyPv2t9pDPa-x-e9gzF6UzeZ9KdxsYSPkB4', 0);
INSERT INTO `jwt_blacklists` VALUES (89, '2023-08-28 10:20:54', '2023-08-28 10:20:54', NULL, 'eyJhbGciOiJIUzI1NiIsInR5cCI6IkpXVCJ9.eyJ1c2VySWQiOjEsInVzZXJuYW1lIjoiTXIu5aWH5re8Iiwicm9sZUlkIjoxLCJCdWZmZXJUaW1lIjo4NjQwMCwiYXVkIjoiS1NEIiwiZXhwIjoxNjkzNzkzNzQzLCJpYXQiOjE2OTMxODg5NDMsImlzcyI6IktTRC1BRE1JTiIsIm5iZiI6MTY5MzE4ODk0M30.rI_9fMDwpIXeykDZ2E-PCKjErmnweh8gVSX70FbC-3U', 0);
INSERT INTO `jwt_blacklists` VALUES (90, '2023-08-28 10:21:27', '2023-08-28 10:21:27', NULL, 'eyJhbGciOiJIUzI1NiIsInR5cCI6IkpXVCJ9.eyJ1c2VySWQiOjEsInVzZXJuYW1lIjoiTXIu5aWH5re8Iiwicm9sZUlkIjoxLCJCdWZmZXJUaW1lIjo4NjQwMCwiYXVkIjoiS1NEIiwiZXhwIjoxNjkzNzk0MDY1LCJpYXQiOjE2OTMxODkyNjUsImlzcyI6IktTRC1BRE1JTiIsIm5iZiI6MTY5MzE4OTI2NX0.yPdZ82V2ySD25i4vWjenKICCcPRmicrElZ1q5CPedzQ', 0);
INSERT INTO `jwt_blacklists` VALUES (91, '2023-08-28 21:10:59', '2023-08-28 21:10:59', NULL, 'eyJhbGciOiJIUzI1NiIsInR5cCI6IkpXVCJ9.eyJ1c2VySWQiOjEsInVzZXJuYW1lIjoiTXIu5aWH5re8Iiwicm9sZUlkIjoxLCJCdWZmZXJUaW1lIjo4NjQwMCwiYXVkIjoiS1NEIiwiZXhwIjoxNjkzODMxNTA2LCJpYXQiOjE2OTMyMjY3MDYsImlzcyI6IktTRC1BRE1JTiIsIm5iZiI6MTY5MzIyNjcwNn0.NMjuCsSStHSTTDm4vWLCUrwlzDGwdL24-asuXF04K1s', 0);
INSERT INTO `jwt_blacklists` VALUES (92, '2023-08-28 22:07:29', '2023-08-28 22:07:29', NULL, 'eyJhbGciOiJIUzI1NiIsInR5cCI6IkpXVCJ9.eyJ1c2VySWQiOjEsInVzZXJuYW1lIjoiTXIu5aWH5re8Iiwicm9sZUlkIjoxLCJCdWZmZXJUaW1lIjo4NjQwMCwiYXVkIjoiS1NEIiwiZXhwIjoxNjkzODMzMDY2LCJpYXQiOjE2OTMyMjgyNjYsImlzcyI6IktTRC1BRE1JTiIsIm5iZiI6MTY5MzIyODI2Nn0.-Hbm9NM-QNaY7QYui4D8A0O6Uf8f7gwvm_4S04jR2Q8', 0);
INSERT INTO `jwt_blacklists` VALUES (93, '2023-08-29 22:26:57', '2023-08-29 22:26:57', NULL, 'eyJhbGciOiJIUzI1NiIsInR5cCI6IkpXVCJ9.eyJ1c2VySWQiOjEsInVzZXJuYW1lIjoiTXIu5aWH5re8Iiwicm9sZUlkIjoxLCJCdWZmZXJUaW1lIjo4NjQwMCwiYXVkIjoiS1NEIiwiZXhwIjoxNjkzNzk2NzE3LCJpYXQiOjE2OTMxOTE5MTAsImlzcyI6IktTRC1BRE1JTiIsIm5iZiI6MTY5MzE5MTkxMX0.g_SAvx_cGAVkAqYpHCkUFnFCeFo9Gjy2A0rZROhMAdo', 0);
INSERT INTO `jwt_blacklists` VALUES (94, '2023-09-02 21:10:31', '2023-09-02 21:10:31', NULL, 'eyJhbGciOiJIUzI1NiIsInR5cCI6IkpXVCJ9.eyJ1c2VySWQiOjEsInVzZXJuYW1lIjoiTXIu5aWH5re8Iiwicm9sZUNvZGUiOiJyb290Iiwicm9sZUlkIjoxLCJCdWZmZXJUaW1lIjo4NjQwMCwiYXVkIjoiS1NEIiwiZXhwIjoxNjk0MjYyNTEyLCJpYXQiOjE2OTMyMzE2NTYsImlzcyI6IktTRC1BRE1JTiIsIm5iZiI6MTY5MzIzMTY1Nn0.qT5jrUskFDSH5EtT4d82vjrhs31zdMfdxpsczgPaahY', 0);
INSERT INTO `jwt_blacklists` VALUES (95, '2023-09-02 21:18:44', '2023-09-02 21:18:44', NULL, 'eyJhbGciOiJIUzI1NiIsInR5cCI6IkpXVCJ9.eyJ1c2VySWQiOjEsInVzZXJuYW1lIjoiTXIu5aWH5re8Iiwicm9sZUNvZGUiOiJyb290Iiwicm9sZUlkIjoxLCJCdWZmZXJUaW1lIjo4NjQwMCwiYXVkIjoiS1NEIiwiZXhwIjoxNjk0MjY1MDQzLCJpYXQiOjE2OTM2NjAyNDMsImlzcyI6IktTRC1BRE1JTiIsIm5iZiI6MTY5MzY2MDI0M30.QiUVFdXq58pQ6jgYCqRru8XfBrzFLQXJOFLduu8C36A', 0);
INSERT INTO `jwt_blacklists` VALUES (96, '2023-09-02 22:10:06', '2023-09-02 22:10:06', NULL, 'eyJhbGciOiJIUzI1NiIsInR5cCI6IkpXVCJ9.eyJ1c2VySWQiOjEsInVzZXJuYW1lIjoiTXIu5aWH5re8Iiwicm9sZUNvZGUiOiJyb290Iiwicm9sZUlkIjoxLCJCdWZmZXJUaW1lIjo4NjQwMCwiYXVkIjoiS1NEIiwiZXhwIjoxNjk0MjY4NTg3LCJpYXQiOjE2OTM2NjM3ODcsImlzcyI6IktTRC1BRE1JTiIsIm5iZiI6MTY5MzY2Mzc4N30.5A_TpAeGRyGS7K4I9MiXq3x5uITuqlB9TrLkHumG56A', 0);
INSERT INTO `jwt_blacklists` VALUES (97, '2023-09-02 22:10:30', '2023-09-02 22:10:30', NULL, 'eyJhbGciOiJIUzI1NiIsInR5cCI6IkpXVCJ9.eyJ1c2VySWQiOjEsInVzZXJuYW1lIjoiTXIu5aWH5re8Iiwicm9sZUNvZGUiOiJyb290Iiwicm9sZUlkIjoxLCJCdWZmZXJUaW1lIjo4NjQwMCwiYXVkIjoiS1NEIiwiZXhwIjoxNjk0MjY4MjI4LCJpYXQiOjE2OTM2NjM0MjgsImlzcyI6IktTRC1BRE1JTiIsIm5iZiI6MTY5MzY2MzQyOH0.ANwRMYpVfi03_l63ZIukok8DdLQzGjLUHuPH7JMHIQ8', 0);
INSERT INTO `jwt_blacklists` VALUES (98, '2023-09-02 22:11:04', '2023-09-02 22:11:04', NULL, 'eyJhbGciOiJIUzI1NiIsInR5cCI6IkpXVCJ9.eyJ1c2VySWQiOjEsInVzZXJuYW1lIjoiTXIu5aWH5re8Iiwicm9sZUNvZGUiOiJyb290Iiwicm9sZUlkIjoxLCJCdWZmZXJUaW1lIjo4NjQwMCwiYXVkIjoiS1NEIiwiZXhwIjoxNjk0MjY4NjIyLCJpYXQiOjE2OTM2NjM4MjIsImlzcyI6IktTRC1BRE1JTiIsIm5iZiI6MTY5MzY2MzgyMn0.JvEMZ5_xRPM7-FArgeDyuQk3gBAJsoSUOfzyynJ7fHg', 0);
INSERT INTO `jwt_blacklists` VALUES (99, '2023-09-02 22:12:04', '2023-09-02 22:12:04', NULL, 'eyJhbGciOiJIUzI1NiIsInR5cCI6IkpXVCJ9.eyJ1c2VySWQiOjEsInVzZXJuYW1lIjoiTXIu5aWH5re8Iiwicm9sZUNvZGUiOiJyb290Iiwicm9sZUlkIjoxLCJCdWZmZXJUaW1lIjo4NjQwMCwiYXVkIjoiS1NEIiwiZXhwIjoxNjk0MjY4NjQxLCJpYXQiOjE2OTM2NjM4NDEsImlzcyI6IktTRC1BRE1JTiIsIm5iZiI6MTY5MzY2Mzg0MX0._VT4vRKMonMLOpgF_OA3oJ8my9ymvolIRVrRDb6dak0', 0);
INSERT INTO `jwt_blacklists` VALUES (100, '2023-09-02 22:12:14', '2023-09-02 22:12:14', NULL, 'eyJhbGciOiJIUzI1NiIsInR5cCI6IkpXVCJ9.eyJ1c2VySWQiOjEsInVzZXJuYW1lIjoiTXIu5aWH5re8Iiwicm9sZUNvZGUiOiJyb290Iiwicm9sZUlkIjoxLCJCdWZmZXJUaW1lIjo4NjQwMCwiYXVkIjoiS1NEIiwiZXhwIjoxNjk0MjY4NzE3LCJpYXQiOjE2OTM2NjM5MTcsImlzcyI6IktTRC1BRE1JTiIsIm5iZiI6MTY5MzY2MzkxN30.KO5galvI4lCCxuSfNg2ZWk_BzRmp-ksHTghvHxLLhlg', 0);
INSERT INTO `jwt_blacklists` VALUES (101, '2023-09-02 22:12:51', '2023-09-02 22:12:51', NULL, 'eyJhbGciOiJIUzI1NiIsInR5cCI6IkpXVCJ9.eyJ1c2VySWQiOjEsInVzZXJuYW1lIjoiTXIu5aWH5re8Iiwicm9sZUNvZGUiOiJyb290Iiwicm9sZUlkIjoxLCJCdWZmZXJUaW1lIjo4NjQwMCwiYXVkIjoiS1NEIiwiZXhwIjoxNjk0MjY4NzI5LCJpYXQiOjE2OTM2NjM5MjksImlzcyI6IktTRC1BRE1JTiIsIm5iZiI6MTY5MzY2MzkyOX0.MRsVQ5JHQO_JYCOAxu3A56J301-fv0YoeteYB3MVYgc', 0);
INSERT INTO `jwt_blacklists` VALUES (102, '2023-09-02 22:13:00', '2023-09-02 22:13:00', NULL, 'eyJhbGciOiJIUzI1NiIsInR5cCI6IkpXVCJ9.eyJ1c2VySWQiOjEsInVzZXJuYW1lIjoiTXIu5aWH5re8Iiwicm9sZUNvZGUiOiJyb290Iiwicm9sZUlkIjoxLCJCdWZmZXJUaW1lIjo4NjQwMCwiYXVkIjoiS1NEIiwiZXhwIjoxNjk0MjY4NzY2LCJpYXQiOjE2OTM2NjM5NjYsImlzcyI6IktTRC1BRE1JTiIsIm5iZiI6MTY5MzY2Mzk2Nn0.h29eDSvY77rT1aUMH-hB2bdw54SwKDUu7M-iY5r5MF8', 0);
INSERT INTO `jwt_blacklists` VALUES (103, '2023-09-02 22:13:23', '2023-09-02 22:13:23', NULL, 'eyJhbGciOiJIUzI1NiIsInR5cCI6IkpXVCJ9.eyJ1c2VySWQiOjEsInVzZXJuYW1lIjoiTXIu5aWH5re8Iiwicm9sZUNvZGUiOiJyb290Iiwicm9sZUlkIjoxLCJCdWZmZXJUaW1lIjo4NjQwMCwiYXVkIjoiS1NEIiwiZXhwIjoxNjk0MjY4Nzc3LCJpYXQiOjE2OTM2NjM5NzcsImlzcyI6IktTRC1BRE1JTiIsIm5iZiI6MTY5MzY2Mzk3N30.eCvfEK4jMSPJ7ZdyVO4M3500q-pwZJXdqvRnmiQxmPI', 0);
INSERT INTO `jwt_blacklists` VALUES (104, '2023-09-02 22:13:41', '2023-09-02 22:13:41', NULL, 'eyJhbGciOiJIUzI1NiIsInR5cCI6IkpXVCJ9.eyJ1c2VySWQiOjEsInVzZXJuYW1lIjoiTXIu5aWH5re8Iiwicm9sZUNvZGUiOiJyb290Iiwicm9sZUlkIjoxLCJCdWZmZXJUaW1lIjo4NjQwMCwiYXVkIjoiS1NEIiwiZXhwIjoxNjk0MjY4Nzk5LCJpYXQiOjE2OTM2NjM5OTksImlzcyI6IktTRC1BRE1JTiIsIm5iZiI6MTY5MzY2Mzk5OX0.YiiDpt_Mk923NhLALb-eyULNr8-yUDLMliNyfDVmFQE', 0);
INSERT INTO `jwt_blacklists` VALUES (105, '2023-09-02 22:19:22', '2023-09-02 22:19:22', NULL, 'eyJhbGciOiJIUzI1NiIsInR5cCI6IkpXVCJ9.eyJ1c2VySWQiOjEsInVzZXJuYW1lIjoiTXIu5aWH5re8Iiwicm9sZUNvZGUiOiJyb290Iiwicm9sZUlkIjoxLCJCdWZmZXJUaW1lIjo4NjQwMCwiYXVkIjoiS1NEIiwiZXhwIjoxNjk0MjY5MTUwLCJpYXQiOjE2OTM2NjQzNTAsImlzcyI6IktTRC1BRE1JTiIsIm5iZiI6MTY5MzY2NDM1MH0.AoCpBxK0GBxVY_mFD3waCVBIoj31R1DZGJjsY8Yzbyc', 0);
INSERT INTO `jwt_blacklists` VALUES (106, '2023-09-02 22:19:44', '2023-09-02 22:19:44', NULL, 'eyJhbGciOiJIUzI1NiIsInR5cCI6IkpXVCJ9.eyJ1c2VySWQiOjEsInVzZXJuYW1lIjoiTXIu5aWH5re8Iiwicm9sZUNvZGUiOiJyb290Iiwicm9sZUlkIjoxLCJCdWZmZXJUaW1lIjo4NjQwMCwiYXVkIjoiS1NEIiwiZXhwIjoxNjk0MjY5MTU3LCJpYXQiOjE2OTM2NjQzNTcsImlzcyI6IktTRC1BRE1JTiIsIm5iZiI6MTY5MzY2NDM1N30.7BPst_vAoBkdVXRc1d7vCJqjljvSXLymvbR1PtGC_3Y', 0);

-- ----------------------------
-- Table structure for sys_apis
-- ----------------------------
DROP TABLE IF EXISTS `sys_apis`;
CREATE TABLE `sys_apis`  (
  `id` bigint(20) UNSIGNED NOT NULL AUTO_INCREMENT COMMENT '主键ID',
  `created_at` datetime(0) NULL DEFAULT NULL COMMENT '创建时间',
  `updated_at` datetime(0) NULL DEFAULT NULL COMMENT '更新时间',
  `path` varchar(191) CHARACTER SET utf8mb4 COLLATE utf8mb4_unicode_ci NULL DEFAULT NULL COMMENT 'api路径',
  `parent_id` bigint(20) UNSIGNED NULL DEFAULT NULL COMMENT '隶属于父ID',
  `method` varchar(191) CHARACTER SET utf8mb4 COLLATE utf8mb4_unicode_ci NULL DEFAULT 'POST' COMMENT '方法',
  `is_deleted` bigint(20) UNSIGNED NULL DEFAULT 0,
  `title` varchar(191) CHARACTER SET utf8mb4 COLLATE utf8mb4_unicode_ci NULL DEFAULT NULL COMMENT 'api路径名称',
  `code` varchar(191) CHARACTER SET utf8mb4 COLLATE utf8mb4_unicode_ci NULL DEFAULT NULL COMMENT '权限代号',
  PRIMARY KEY (`id`) USING BTREE,
  UNIQUE INDEX `path`(`path`) USING BTREE,
  UNIQUE INDEX `code`(`code`) USING BTREE
) ENGINE = InnoDB AUTO_INCREMENT = 56 CHARACTER SET = utf8mb4 COLLATE = utf8mb4_unicode_ci COMMENT = '权限表' ROW_FORMAT = Dynamic;

-- ----------------------------
-- Records of sys_apis
-- ----------------------------
INSERT INTO `sys_apis` VALUES (1, '2023-05-29 08:20:02', '2023-08-28 21:41:01', '/user', 0, 'GET', 0, '用户登录(必选)', 'A1000');
INSERT INTO `sys_apis` VALUES (2, '2023-05-29 08:20:02', '2023-08-28 21:38:53', '/base/login', 1, 'POST', 0, 'jwt加入黑名单(退出，必选)', 'A1001');
INSERT INTO `sys_apis` VALUES (3, '2023-05-29 08:20:02', '2023-08-28 21:38:54', '/jwt/jsonInBlacklist', 1, 'POST', 0, '删除用户', 'A1002');
INSERT INTO `sys_apis` VALUES (4, '2023-05-29 08:20:02', '2023-08-28 21:38:57', '/user/deleteUser', 1, 'POST', 0, '用户注册', 'A1003');
INSERT INTO `sys_apis` VALUES (5, '2023-05-29 08:20:02', '2023-08-28 21:39:02', '/user/admin_register', 1, 'POST', 0, '获取用户列表', 'A1004');
INSERT INTO `sys_apis` VALUES (6, '2023-05-29 08:20:02', '2023-08-28 21:39:05', '/user/getUserList', 1, 'POST', 0, '设置用户信息', 'A1005');
INSERT INTO `sys_apis` VALUES (7, '2023-05-29 08:20:02', '2023-08-28 21:39:06', '/user/setUserInfo', 1, 'POST', 0, '设置自身信息(必选)', 'A1006');
INSERT INTO `sys_apis` VALUES (8, '2023-05-29 08:20:02', '2023-08-28 21:39:07', '/user/setSelfInfo', 1, 'POST', 0, '获取自身信息(必选)', 'A1007');
INSERT INTO `sys_apis` VALUES (9, '2023-05-29 08:20:02', '2023-08-28 21:39:08', '/user/getUserInfo', 1, 'POST', 0, '设置权限组', 'A1008');
INSERT INTO `sys_apis` VALUES (10, '2023-05-29 08:20:02', '2023-08-28 21:39:13', '/user/setUserAuthorities', 1, 'POST', 0, '修改密码（建议选择)', 'A1009');
INSERT INTO `sys_apis` VALUES (11, '2023-05-29 08:20:02', '2023-08-28 21:39:18', '/user/changePassword', 1, 'POST', 0, '修改用户角色(必选)', 'A1010');
INSERT INTO `sys_apis` VALUES (12, '2023-05-29 08:20:02', '2023-08-28 21:39:20', '/user/setUserAuthority', 1, 'POST', 0, '重置用户密码', 'A1011');
INSERT INTO `sys_apis` VALUES (13, '2023-05-29 08:20:02', '2023-08-28 21:39:22', '/user/resetPassword', 1, 'POST', 0, '创建api', 'A1012');
INSERT INTO `sys_apis` VALUES (14, '2023-05-29 08:20:02', '2023-08-28 21:41:04', '/api', 0, 'POST', 0, 'Api组', 'B1000');
INSERT INTO `sys_apis` VALUES (15, '2023-05-29 08:20:02', '2023-08-28 21:39:36', '/api/deleteApi', 14, 'POST', 0, '更新Api', 'B1001');
INSERT INTO `sys_apis` VALUES (16, '2023-05-29 08:20:02', '2023-08-28 21:39:36', '/api/updateApi', 14, 'POST', 0, '获取api列表', 'B1002');
INSERT INTO `sys_apis` VALUES (17, '2023-05-29 08:20:02', '2023-08-28 21:39:37', '/api/getApiList', 14, 'POST', 0, '获取所有api', 'B1003');
INSERT INTO `sys_apis` VALUES (18, '2023-05-29 08:20:02', '2023-08-28 21:39:38', '/api/getAllApis', 14, 'POST', 0, '获取api详细信息', 'B1004');
INSERT INTO `sys_apis` VALUES (19, '2023-05-29 08:20:02', '2023-08-28 21:39:39', '/api/getApiById', 14, 'POST', 0, '批量删除api', 'B1005');
INSERT INTO `sys_apis` VALUES (20, '2023-05-29 08:20:02', '2023-08-28 21:39:41', '/api/deleteApisByIds', 14, 'POST', 0, '拷贝角色', 'B1006');
INSERT INTO `sys_apis` VALUES (52, '2023-08-28 21:11:34', '2023-08-28 21:38:38', '/sys', 0, 'GET', 0, '系统管理组', 'C1000');
INSERT INTO `sys_apis` VALUES (53, '2023-08-28 21:19:55', '2023-08-28 21:38:38', '/course', 0, 'POST', 0, '课程组', 'D1000');
INSERT INTO `sys_apis` VALUES (54, '2023-08-28 21:20:25', '2023-08-28 21:41:06', '/base', 0, 'POST', 0, 'base组', 'E1000');
INSERT INTO `sys_apis` VALUES (55, '2023-08-28 21:40:17', '2023-08-28 21:40:40', '/api/login', 54, 'POST', 0, '登录', 'E1001');

-- ----------------------------
-- Table structure for sys_menus
-- ----------------------------
DROP TABLE IF EXISTS `sys_menus`;
CREATE TABLE `sys_menus`  (
  `id` bigint(20) UNSIGNED NOT NULL AUTO_INCREMENT COMMENT '主键ID',
  `created_at` datetime(0) NULL DEFAULT NULL COMMENT '创建时间',
  `updated_at` datetime(0) NULL DEFAULT NULL COMMENT '更新时间',
  `parent_id` bigint(20) NULL DEFAULT NULL COMMENT '父菜单ID',
  `path` varchar(191) CHARACTER SET utf8mb4 COLLATE utf8mb4_unicode_ci NULL DEFAULT NULL COMMENT '路由path',
  `name` varchar(191) CHARACTER SET utf8mb4 COLLATE utf8mb4_unicode_ci NULL DEFAULT NULL COMMENT '路由name 用于国际化处理',
  `hidden` bigint(20) NULL DEFAULT NULL COMMENT '是否在列表隐藏',
  `sort` bigint(20) NULL DEFAULT NULL COMMENT '排序标记',
  `icon` varchar(191) CHARACTER SET utf8mb4 COLLATE utf8mb4_unicode_ci NULL DEFAULT NULL COMMENT '对应前端文件路径',
  `is_deleted` bigint(20) UNSIGNED NULL DEFAULT 0,
  `title` varchar(191) CHARACTER SET utf8mb4 COLLATE utf8mb4_unicode_ci NULL DEFAULT NULL COMMENT '菜单名称',
  PRIMARY KEY (`id`) USING BTREE,
  UNIQUE INDEX `path`(`path`) USING BTREE
) ENGINE = InnoDB AUTO_INCREMENT = 68 CHARACTER SET = utf8mb4 COLLATE = utf8mb4_unicode_ci COMMENT = '菜单表' ROW_FORMAT = Dynamic;

-- ----------------------------
-- Records of sys_menus
-- ----------------------------
INSERT INTO `sys_menus` VALUES (1, '2023-08-20 13:05:52', '2023-08-24 20:37:54', 0, '/dashboard', 'DashBoard', 1, 1, 'HomeFilled', 0, '控制面板');
INSERT INTO `sys_menus` VALUES (2, '2023-08-20 13:24:44', '2023-08-24 20:37:54', 0, '/sys', 'Sys', 1, 2, 'Menu', 0, '系统管理');
INSERT INTO `sys_menus` VALUES (3, '2023-08-20 13:25:54', '2023-08-24 20:37:55', 0, '/logs', 'Logs', 1, 3, 'Menu', 0, '操作日志');
INSERT INTO `sys_menus` VALUES (4, '2023-08-20 14:47:16', '2023-08-24 20:37:56', 0, '/course', 'Course', 1, 4, 'Operation', 0, '课程管理');
INSERT INTO `sys_menus` VALUES (5, '2023-08-20 14:47:45', '2023-08-22 21:42:32', 0, '/video', 'Video', 1, 5, 'Menu', 0, '视频管理');
INSERT INTO `sys_menus` VALUES (6, '2023-08-20 14:48:08', '2023-08-22 21:42:33', 0, '/order', 'Order', 1, 6, 'Odometer', 0, '订单管理');
INSERT INTO `sys_menus` VALUES (7, '2023-08-20 14:49:06', '2023-08-20 17:19:51', 6, '/order/list', 'OrderList', 1, 7, 'Aim', 0, '订单列表');
INSERT INTO `sys_menus` VALUES (8, '2023-08-20 14:49:39', '2023-08-20 17:30:56', 4, '/course/list', 'CourseList', 1, 7, 'Operation', 0, '课程列表');
INSERT INTO `sys_menus` VALUES (9, '2023-08-20 14:51:00', '2023-08-20 14:51:00', 3, '/logs/visit', 'LogsVisit', 1, 7, 'Ticket', 0, '日志列表');
INSERT INTO `sys_menus` VALUES (10, '2023-08-20 14:51:36', '2023-08-22 21:41:06', 2, '/sys/user', 'SysUser', 1, 1, 'User', 0, '用户管理');
INSERT INTO `sys_menus` VALUES (11, '2023-08-20 14:52:45', '2023-08-20 14:56:41', 2, '/sys/role', 'SysRole', 1, 3, 'Avatar', 0, '角色管理');
INSERT INTO `sys_menus` VALUES (12, '2023-08-20 14:54:50', '2023-08-20 14:56:46', 2, '/sys/permission', 'SysPermission', 1, 4, 'UserFilled', 0, '权限管理');
INSERT INTO `sys_menus` VALUES (13, '2023-08-20 14:55:27', '2023-08-20 14:55:35', 2, '/sys/menu', 'SysMenu', 1, 2, 'Menu', 0, '菜单管理');
INSERT INTO `sys_menus` VALUES (57, '2023-08-20 21:10:06', '2023-08-22 21:42:34', 0, '/platform', 'Platform', 1, 7, 'Bell', 0, '平台设置');
INSERT INTO `sys_menus` VALUES (58, '2023-08-20 21:16:30', '2023-08-20 22:36:52', 57, '/platform/system', 'System', 1, 1, 'Apple', 0, '系统管理');
INSERT INTO `sys_menus` VALUES (60, '2023-08-20 22:48:21', '2023-08-22 21:42:35', 0, '/advert', 'Advert', 1, 8, 'Checked', 0, '广告管理');
INSERT INTO `sys_menus` VALUES (64, '2023-08-22 20:48:08', '2023-08-22 20:56:49', 5, '/video/list', 'VideoList', 1, 2, 'Aim', 0, '视频列表');
INSERT INTO `sys_menus` VALUES (66, '2023-08-22 20:48:08', '2023-08-22 20:56:48', 5, '/video/add', 'VideoAdd', 1, 1, 'AlarmClock', 0, '视频添加');
INSERT INTO `sys_menus` VALUES (67, '2023-08-22 20:52:14', '2023-08-22 20:52:14', 60, '/advert/list', 'AdvertList', 1, 1, 'BellFilled', 0, '广告列表');

-- ----------------------------
-- Table structure for sys_role_apis
-- ----------------------------
DROP TABLE IF EXISTS `sys_role_apis`;
CREATE TABLE `sys_role_apis`  (
  `role_id` bigint(20) UNSIGNED NOT NULL COMMENT '角色ID',
  `api_id` bigint(20) UNSIGNED NOT NULL COMMENT 'ApiID',
  PRIMARY KEY (`role_id`, `api_id`) USING BTREE
) ENGINE = InnoDB CHARACTER SET = utf8mb4 COLLATE = utf8mb4_unicode_ci COMMENT = '角色权限表' ROW_FORMAT = Dynamic;

-- ----------------------------
-- Records of sys_role_apis
-- ----------------------------
INSERT INTO `sys_role_apis` VALUES (1, 1);
INSERT INTO `sys_role_apis` VALUES (1, 2);
INSERT INTO `sys_role_apis` VALUES (1, 3);
INSERT INTO `sys_role_apis` VALUES (1, 4);
INSERT INTO `sys_role_apis` VALUES (1, 5);
INSERT INTO `sys_role_apis` VALUES (1, 6);
INSERT INTO `sys_role_apis` VALUES (1, 7);
INSERT INTO `sys_role_apis` VALUES (1, 8);
INSERT INTO `sys_role_apis` VALUES (1, 9);
INSERT INTO `sys_role_apis` VALUES (1, 10);
INSERT INTO `sys_role_apis` VALUES (1, 11);
INSERT INTO `sys_role_apis` VALUES (1, 12);
INSERT INTO `sys_role_apis` VALUES (1, 13);
INSERT INTO `sys_role_apis` VALUES (1, 14);
INSERT INTO `sys_role_apis` VALUES (1, 15);
INSERT INTO `sys_role_apis` VALUES (1, 16);
INSERT INTO `sys_role_apis` VALUES (1, 17);
INSERT INTO `sys_role_apis` VALUES (1, 18);
INSERT INTO `sys_role_apis` VALUES (1, 19);
INSERT INTO `sys_role_apis` VALUES (1, 20);
INSERT INTO `sys_role_apis` VALUES (1, 52);
INSERT INTO `sys_role_apis` VALUES (1, 53);
INSERT INTO `sys_role_apis` VALUES (1, 54);
INSERT INTO `sys_role_apis` VALUES (1, 55);
INSERT INTO `sys_role_apis` VALUES (2, 2);
INSERT INTO `sys_role_apis` VALUES (2, 3);
INSERT INTO `sys_role_apis` VALUES (3, 2);
INSERT INTO `sys_role_apis` VALUES (3, 3);
INSERT INTO `sys_role_apis` VALUES (3, 4);
INSERT INTO `sys_role_apis` VALUES (3, 9);

-- ----------------------------
-- Table structure for sys_role_menus
-- ----------------------------
DROP TABLE IF EXISTS `sys_role_menus`;
CREATE TABLE `sys_role_menus`  (
  `role_id` bigint(20) UNSIGNED NOT NULL COMMENT '角色ID',
  `menu_id` bigint(20) UNSIGNED NOT NULL COMMENT '菜单ID',
  PRIMARY KEY (`role_id`, `menu_id`) USING BTREE
) ENGINE = InnoDB CHARACTER SET = utf8mb4 COLLATE = utf8mb4_unicode_ci COMMENT = '角色菜单表' ROW_FORMAT = Dynamic;

-- ----------------------------
-- Records of sys_role_menus
-- ----------------------------
INSERT INTO `sys_role_menus` VALUES (1, 1);
INSERT INTO `sys_role_menus` VALUES (1, 2);
INSERT INTO `sys_role_menus` VALUES (1, 3);
INSERT INTO `sys_role_menus` VALUES (1, 4);
INSERT INTO `sys_role_menus` VALUES (1, 5);
INSERT INTO `sys_role_menus` VALUES (1, 6);
INSERT INTO `sys_role_menus` VALUES (1, 7);
INSERT INTO `sys_role_menus` VALUES (1, 8);
INSERT INTO `sys_role_menus` VALUES (1, 9);
INSERT INTO `sys_role_menus` VALUES (1, 10);
INSERT INTO `sys_role_menus` VALUES (1, 11);
INSERT INTO `sys_role_menus` VALUES (1, 12);
INSERT INTO `sys_role_menus` VALUES (1, 13);
INSERT INTO `sys_role_menus` VALUES (1, 57);
INSERT INTO `sys_role_menus` VALUES (1, 58);
INSERT INTO `sys_role_menus` VALUES (1, 60);
INSERT INTO `sys_role_menus` VALUES (1, 64);
INSERT INTO `sys_role_menus` VALUES (1, 66);
INSERT INTO `sys_role_menus` VALUES (1, 67);
INSERT INTO `sys_role_menus` VALUES (2, 1);
INSERT INTO `sys_role_menus` VALUES (2, 2);
INSERT INTO `sys_role_menus` VALUES (2, 10);
INSERT INTO `sys_role_menus` VALUES (2, 11);
INSERT INTO `sys_role_menus` VALUES (2, 12);
INSERT INTO `sys_role_menus` VALUES (2, 13);
INSERT INTO `sys_role_menus` VALUES (3, 1);
INSERT INTO `sys_role_menus` VALUES (3, 2);
INSERT INTO `sys_role_menus` VALUES (3, 3);
INSERT INTO `sys_role_menus` VALUES (3, 9);
INSERT INTO `sys_role_menus` VALUES (3, 10);
INSERT INTO `sys_role_menus` VALUES (3, 11);
INSERT INTO `sys_role_menus` VALUES (3, 12);
INSERT INTO `sys_role_menus` VALUES (3, 13);
INSERT INTO `sys_role_menus` VALUES (3, 57);
INSERT INTO `sys_role_menus` VALUES (3, 58);

-- ----------------------------
-- Table structure for sys_roles
-- ----------------------------
DROP TABLE IF EXISTS `sys_roles`;
CREATE TABLE `sys_roles`  (
  `id` bigint(20) UNSIGNED NOT NULL AUTO_INCREMENT COMMENT '角色ID',
  `role_name` varchar(191) CHARACTER SET utf8mb4 COLLATE utf8mb4_unicode_ci NULL DEFAULT NULL COMMENT '角色名',
  `created_at` datetime(0) NULL DEFAULT NULL COMMENT '创建时间',
  `updated_at` datetime(0) NULL DEFAULT NULL COMMENT '更新时间',
  `role_code` varchar(191) CHARACTER SET utf8mb4 COLLATE utf8mb4_unicode_ci NULL DEFAULT NULL COMMENT '角色代号',
  `is_deleted` bigint(20) UNSIGNED NULL DEFAULT 0,
  PRIMARY KEY (`id`) USING BTREE
) ENGINE = InnoDB AUTO_INCREMENT = 4 CHARACTER SET = utf8mb4 COLLATE = utf8mb4_unicode_ci COMMENT = '角色表' ROW_FORMAT = Dynamic;

-- ----------------------------
-- Records of sys_roles
-- ----------------------------
INSERT INTO `sys_roles` VALUES (1, '超级管理员', '2023-05-29 08:20:02', '2023-08-16 23:51:25', 'root', 0);
INSERT INTO `sys_roles` VALUES (2, '财务', '2023-05-29 08:20:02', '2023-08-17 00:08:36', 'finace', 0);
INSERT INTO `sys_roles` VALUES (3, '开发人员', '2023-05-29 08:20:02', '2023-08-17 00:08:39', 'deveploment', 0);

-- ----------------------------
-- Table structure for sys_user_roles
-- ----------------------------
DROP TABLE IF EXISTS `sys_user_roles`;
CREATE TABLE `sys_user_roles`  (
  `user_id` bigint(20) UNSIGNED NOT NULL,
  `role_id` bigint(20) UNSIGNED NOT NULL,
  PRIMARY KEY (`user_id`, `role_id`) USING BTREE
) ENGINE = InnoDB CHARACTER SET = utf8mb4 COLLATE = utf8mb4_unicode_ci COMMENT = '用户角色表' ROW_FORMAT = Dynamic;

-- ----------------------------
-- Records of sys_user_roles
-- ----------------------------
INSERT INTO `sys_user_roles` VALUES (1, 1);
INSERT INTO `sys_user_roles` VALUES (1, 2);
INSERT INTO `sys_user_roles` VALUES (1, 3);
INSERT INTO `sys_user_roles` VALUES (33, 1);
INSERT INTO `sys_user_roles` VALUES (33, 2);

-- ----------------------------
-- Table structure for sys_users
-- ----------------------------
DROP TABLE IF EXISTS `sys_users`;
CREATE TABLE `sys_users`  (
  `id` bigint(20) UNSIGNED NOT NULL AUTO_INCREMENT COMMENT '主键ID',
  `created_at` datetime(0) NULL DEFAULT NULL COMMENT '创建时间',
  `updated_at` datetime(0) NULL DEFAULT NULL COMMENT '更新时间',
  `uuid` varchar(191) CHARACTER SET utf8mb4 COLLATE utf8mb4_unicode_ci NULL DEFAULT NULL COMMENT '用户UUID',
  `account` varchar(191) CHARACTER SET utf8mb4 COLLATE utf8mb4_unicode_ci NULL DEFAULT NULL COMMENT '用户登录名',
  `password` varchar(191) CHARACTER SET utf8mb4 COLLATE utf8mb4_unicode_ci NULL DEFAULT NULL COMMENT '用户登录密码',
  `username` varchar(191) CHARACTER SET utf8mb4 COLLATE utf8mb4_unicode_ci NULL DEFAULT '系统用户' COMMENT '用户昵称',
  `avatar` varchar(191) CHARACTER SET utf8mb4 COLLATE utf8mb4_unicode_ci NULL DEFAULT 'https://qmplusimg.henrongyi.top/gva_header.jpg' COMMENT '用户头像',
  `phone` varchar(191) CHARACTER SET utf8mb4 COLLATE utf8mb4_unicode_ci NULL DEFAULT NULL COMMENT '用户手机号',
  `email` varchar(191) CHARACTER SET utf8mb4 COLLATE utf8mb4_unicode_ci NULL DEFAULT NULL COMMENT '用户邮箱',
  `enable` bigint(20) NULL DEFAULT 1 COMMENT '用户是否被冻结 1正常 2冻结',
  `is_deleted` bigint(20) UNSIGNED NULL DEFAULT 0,
  `slat` varchar(191) CHARACTER SET utf8mb4 COLLATE utf8mb4_unicode_ci NULL DEFAULT NULL COMMENT '密码加盐',
  PRIMARY KEY (`id`) USING BTREE,
  UNIQUE INDEX `idx_sys_users_account`(`account`) USING BTREE,
  INDEX `idx_sys_users_uuid`(`uuid`) USING BTREE,
  INDEX `idx_sys_users_username`(`username`) USING BTREE
) ENGINE = InnoDB AUTO_INCREMENT = 34 CHARACTER SET = utf8mb4 COLLATE = utf8mb4_unicode_ci COMMENT = '系统用户表' ROW_FORMAT = Dynamic;

-- ----------------------------
-- Records of sys_users
-- ----------------------------
INSERT INTO `sys_users` VALUES (1, '2023-05-29 08:20:03', '2023-08-16 23:48:42', '450ba37a-a1f8-4a6d-93b8-3a3a275e4def', 'admin', '6e3dffa5284190f9fdd000888ad13dae', 'Mr.奇淼', 'https://qmplusimg.henrongyi.top/gva_header.jpg', '17611111111', '333333333@qq.com', 1, 0, 'd3beedee2e06496a821175f7453b8b29');
INSERT INTO `sys_users` VALUES (2, '2023-05-29 08:20:03', '2023-08-16 23:44:19', 'b26761a5-5c73-41a2-ba54-9f0d2fe742ea', 'feige', '42594d32c14d79d80a6686ada3660d81', '用户1', 'https:///qmplusimg.henrongyi.top/1572075907logo.png', '17611111111', '333333333@qq.com', 1, 0, '32083acba91b4bc09672aa3435a5e60f');
INSERT INTO `sys_users` VALUES (6, '2023-08-08 22:12:10', '2023-08-14 20:12:57', '07bb2789-767c-4ceb-80ad-76089b250472', 'kele', '3289a245557e6b16f5233753c7f05ee1', '可乐', 'https://qmplusimg.henrongyi.top/gva_header.jpg', '152884545454', 'kele@qq.com', 1, 0, '0c876c05-52f4-422e-ba9f-e1a06f09619b');
INSERT INTO `sys_users` VALUES (10, '2023-08-08 22:16:51', '2023-08-17 00:08:24', 'eff2c9d0-80a5-4074-8700-d4ec6b094d16', 'Budingok', '1094213ccb059a7d3d11ebe13d592d9e', '布丁', 'https://qmplusimg.henrongyi.top/gva_header.jpg', '152884545454', 'kele@qq.com', 1, 0, '86d11556-2d5b-4891-8a27-0cd6de7a7aaf');
INSERT INTO `sys_users` VALUES (27, '2023-08-14 21:34:50', '2023-08-18 22:19:40', '3ff84b589ee749af8d35ebb7bac4aced', '234234', '82688208958d40575107df5704da9d56', '234234', 'https://qmplusimg.henrongyi.top/gva_header.jpg', '15645458488', '3423423@qq.com', 1, 1, 'febab93a089a46eaa257b9b9cf71360d');
INSERT INTO `sys_users` VALUES (30, '2023-08-14 21:42:54', '2023-08-18 22:19:39', '337ecf2387764292b74220756e3a7c36', 'admin123', '87f580a5be86bbef08a14ac21824b6a5', 'admin', 'https://qmplusimg.henrongyi.top/gva_header.jpg', '15000000000', '15000000000@qq.com', 1, 1, '593e21c7f6404688a5bcd2651860ceb9');
INSERT INTO `sys_users` VALUES (31, '2023-08-14 21:44:42', '2023-08-18 22:19:39', '7e811c4a90d54853a4e9d12dd5f76074', 'admin456222', '9d5f4ffe9cd0500072ccf22ed5411ecf', 'admin456', 'https://qmplusimg.henrongyi.top/gva_header.jpg', '34534234234', 'admin456@qq.com', 1, 1, '6caa72055b344492b0e5fb479389a05f');
INSERT INTO `sys_users` VALUES (33, '2023-08-14 21:45:29', '2023-08-29 20:16:13', 'e7e091aa586349bcaad6bd0873f68b7f', 'kele1232233', '5c94d0b1756f853953febf3bc6bb11ca', '可乐鸡翅', 'https://qmplusimg.henrongyi.top/gva_header.jpg', '15000000000', '123456@163.com', 1, 0, 'dec56aba03b0468387a226454c9eeb87');

-- ----------------------------
-- Table structure for xk_bbs
-- ----------------------------
DROP TABLE IF EXISTS `xk_bbs`;
CREATE TABLE `xk_bbs`  (
  `id` bigint(20) UNSIGNED NOT NULL AUTO_INCREMENT COMMENT '主键ID',
  `created_at` datetime(0) NULL DEFAULT NULL COMMENT '创建时间',
  `updated_at` datetime(0) NULL DEFAULT NULL COMMENT '更新时间',
  `is_deleted` bigint(20) UNSIGNED NULL DEFAULT 0,
  `title` varchar(191) CHARACTER SET utf8mb4 COLLATE utf8mb4_unicode_ci NOT NULL COMMENT '标题',
  `img` varchar(191) CHARACTER SET utf8mb4 COLLATE utf8mb4_unicode_ci NOT NULL DEFAULT '' COMMENT '封面图',
  `description` varchar(191) CHARACTER SET utf8mb4 COLLATE utf8mb4_unicode_ci NOT NULL DEFAULT '' COMMENT '描述',
  `content` varchar(191) CHARACTER SET utf8mb4 COLLATE utf8mb4_unicode_ci NOT NULL DEFAULT '' COMMENT '文章内容--MD格式',
  `html_content` varchar(191) CHARACTER SET utf8mb4 COLLATE utf8mb4_unicode_ci NOT NULL DEFAULT '' COMMENT '文章内容--MD格式',
  `category_id` bigint(20) UNSIGNED NOT NULL DEFAULT 0 COMMENT '文章分类ID',
  `category_name` varchar(191) CHARACTER SET utf8mb4 COLLATE utf8mb4_unicode_ci NOT NULL DEFAULT '' COMMENT '文章分类名称',
  `view_count` tinyint(4) NOT NULL DEFAULT 0 COMMENT '文章阅读数',
  `comments` tinyint(4) NOT NULL DEFAULT 0 COMMENT '评论数',
  `comments_open` tinyint(4) NOT NULL DEFAULT 1 COMMENT '是否允许评论 0 不允许  1 允许',
  `status` tinyint(4) NOT NULL DEFAULT 1 COMMENT '0 未发布 1 发布',
  `user_id` bigint(20) UNSIGNED NOT NULL COMMENT '文章作者ID',
  `username` varchar(191) CHARACTER SET utf8mb4 COLLATE utf8mb4_unicode_ci NOT NULL DEFAULT '' COMMENT '文章发布者用户名',
  `avatar` varchar(191) CHARACTER SET utf8mb4 COLLATE utf8mb4_unicode_ci NOT NULL DEFAULT '' COMMENT '文章发布者头像',
  PRIMARY KEY (`id`) USING BTREE,
  INDEX `idx_xk_bbs_title`(`title`) USING BTREE
) ENGINE = InnoDB AUTO_INCREMENT = 4 CHARACTER SET = utf8mb4 COLLATE = utf8mb4_unicode_ci COMMENT = '社区表' ROW_FORMAT = Dynamic;

-- ----------------------------
-- Records of xk_bbs
-- ----------------------------
INSERT INTO `xk_bbs` VALUES (1, '2023-08-18 20:29:34', '2023-08-18 21:52:11', 1, '2222', '2', '1', '1', '1', 1, '1', 6, 0, 1, 0, 2, '111', '11');
INSERT INTO `xk_bbs` VALUES (2, '2023-08-18 20:29:34', '2023-08-18 21:52:11', 0, '222', '2', '1', '1', '1', 1, '1', 1, 0, 1, 1, 2, '111', '11');
INSERT INTO `xk_bbs` VALUES (3, '2023-08-18 20:29:34', '2023-08-18 21:52:11', 1, '11111', '2', '1', '1', '1', 1, '1', 1, 0, 1, 1, 2, '111', '11');

-- ----------------------------
-- Table structure for xk_bbs_category
-- ----------------------------
DROP TABLE IF EXISTS `xk_bbs_category`;
CREATE TABLE `xk_bbs_category`  (
  `id` bigint(20) UNSIGNED NOT NULL AUTO_INCREMENT COMMENT '主键ID',
  `created_at` datetime(0) NULL DEFAULT NULL COMMENT '创建时间',
  `updated_at` datetime(0) NULL DEFAULT NULL COMMENT '更新时间',
  `is_deleted` bigint(20) UNSIGNED NULL DEFAULT 0,
  `title` varchar(100) CHARACTER SET utf8mb4 COLLATE utf8mb4_unicode_ci NOT NULL DEFAULT '' COMMENT '分类名称',
  `description` varchar(400) CHARACTER SET utf8mb4 COLLATE utf8mb4_unicode_ci NOT NULL DEFAULT '' COMMENT '描述',
  `parent_id` bigint(20) UNSIGNED NOT NULL DEFAULT 0 COMMENT '父ID',
  `sorted` bigint(20) NOT NULL DEFAULT 1 COMMENT '排序',
  `status` tinyint(4) NOT NULL DEFAULT 1 COMMENT '0 未发布 1 发布',
  PRIMARY KEY (`id`) USING BTREE
) ENGINE = InnoDB AUTO_INCREMENT = 1 CHARACTER SET = utf8mb4 COLLATE = utf8mb4_unicode_ci COMMENT = '社区分类表' ROW_FORMAT = Dynamic;

-- ----------------------------
-- Records of xk_bbs_category
-- ----------------------------

-- ----------------------------
-- Table structure for xk_user
-- ----------------------------
DROP TABLE IF EXISTS `xk_user`;
CREATE TABLE `xk_user`  (
  `id` bigint(20) UNSIGNED NOT NULL AUTO_INCREMENT COMMENT '主键ID',
  `created_at` datetime(0) NULL DEFAULT NULL COMMENT '创建时间',
  `updated_at` datetime(0) NULL DEFAULT NULL COMMENT '更新时间',
  `is_deleted` bigint(20) UNSIGNED NULL DEFAULT 0,
  `nickname` varchar(60) CHARACTER SET utf8mb4 COLLATE utf8mb4_unicode_ci NOT NULL DEFAULT '' COMMENT '昵称',
  `account` varchar(30) CHARACTER SET utf8mb4 COLLATE utf8mb4_unicode_ci NOT NULL DEFAULT '' COMMENT '账号',
  `age` bigint(20) UNSIGNED NOT NULL DEFAULT 0 COMMENT '年龄',
  `sex` bigint(20) UNSIGNED NOT NULL DEFAULT 2 COMMENT '性别 0女 1男 2 保密',
  `address` varchar(100) CHARACTER SET utf8mb4 COLLATE utf8mb4_unicode_ci NOT NULL DEFAULT '' COMMENT '地址',
  `telephone` varchar(20) CHARACTER SET utf8mb4 COLLATE utf8mb4_unicode_ci NOT NULL DEFAULT '' COMMENT '电话号码',
  `birthday` varchar(30) CHARACTER SET utf8mb4 COLLATE utf8mb4_unicode_ci NOT NULL DEFAULT '' COMMENT '生日',
  `avatar` varchar(200) CHARACTER SET utf8mb4 COLLATE utf8mb4_unicode_ci NOT NULL DEFAULT '' COMMENT '头像',
  `password` varchar(60) CHARACTER SET utf8mb4 COLLATE utf8mb4_unicode_ci NOT NULL DEFAULT '' COMMENT '密码',
  `forbbiden` tinyint(3) UNSIGNED NOT NULL DEFAULT 0 COMMENT '0未禁止1被禁止',
  `sign` varchar(100) CHARACTER SET utf8mb4 COLLATE utf8mb4_unicode_ci NOT NULL DEFAULT '' COMMENT '签名',
  `vip` tinyint(3) UNSIGNED NOT NULL DEFAULT 0 COMMENT '0是普通用户 1 月会员  2 年会员 3 svip',
  `union_id` varchar(30) CHARACTER SET utf8mb4 COLLATE utf8mb4_unicode_ci NOT NULL DEFAULT '' COMMENT '微信登录联合id',
  `open_id` varchar(30) CHARACTER SET utf8mb4 COLLATE utf8mb4_unicode_ci NOT NULL DEFAULT '' COMMENT '微信登录唯一openid',
  `viptime` datetime(3) NULL DEFAULT NULL COMMENT 'vip过期时间',
  `longitude` varchar(30) CHARACTER SET utf8mb4 COLLATE utf8mb4_unicode_ci NOT NULL DEFAULT '' COMMENT '经度',
  `latitude` varchar(30) CHARACTER SET utf8mb4 COLLATE utf8mb4_unicode_ci NOT NULL DEFAULT '' COMMENT '纬度',
  PRIMARY KEY (`id`) USING BTREE
) ENGINE = InnoDB AUTO_INCREMENT = 1 CHARACTER SET = utf8mb4 COLLATE = utf8mb4_unicode_ci COMMENT = '平台用户表' ROW_FORMAT = Dynamic;

-- ----------------------------
-- Records of xk_user
-- ----------------------------

-- ----------------------------
-- Table structure for xk_user_author
-- ----------------------------
DROP TABLE IF EXISTS `xk_user_author`;
CREATE TABLE `xk_user_author`  (
  `id` bigint(20) UNSIGNED NOT NULL AUTO_INCREMENT COMMENT '主键ID',
  `created_at` datetime(0) NULL DEFAULT NULL COMMENT '创建时间',
  `updated_at` datetime(0) NULL DEFAULT NULL COMMENT '更新时间',
  `is_deleted` bigint(20) UNSIGNED NULL DEFAULT 0,
  `user_id` bigint(20) NOT NULL COMMENT '用户ID',
  `author_name` varchar(60) CHARACTER SET utf8mb4 COLLATE utf8mb4_unicode_ci NOT NULL DEFAULT '' COMMENT '作者名称',
  `id_card` varchar(30) CHARACTER SET utf8mb4 COLLATE utf8mb4_unicode_ci NOT NULL DEFAULT '' COMMENT '身份证',
  `id_card_cover` varchar(200) CHARACTER SET utf8mb4 COLLATE utf8mb4_unicode_ci NOT NULL DEFAULT '' COMMENT '身份证正面',
  `id_card_back_cover` varchar(200) CHARACTER SET utf8mb4 COLLATE utf8mb4_unicode_ci NOT NULL DEFAULT '' COMMENT '身份证反面',
  `address` varchar(100) CHARACTER SET utf8mb4 COLLATE utf8mb4_unicode_ci NOT NULL DEFAULT '' COMMENT '收货地址',
  `bank` varchar(30) CHARACTER SET utf8mb4 COLLATE utf8mb4_unicode_ci NOT NULL DEFAULT '' COMMENT '银行卡号',
  `status` tinyint(3) UNSIGNED NOT NULL DEFAULT 0 COMMENT '0未审核 1已审核 2已拒绝',
  `refuse_reason` varchar(200) CHARACTER SET utf8mb4 COLLATE utf8mb4_unicode_ci NOT NULL DEFAULT '' COMMENT '拒绝原因',
  PRIMARY KEY (`id`) USING BTREE
) ENGINE = InnoDB AUTO_INCREMENT = 1 CHARACTER SET = utf8mb4 COLLATE = utf8mb4_unicode_ci COMMENT = '用户作者表' ROW_FORMAT = Dynamic;

-- ----------------------------
-- Records of xk_user_author
-- ----------------------------

-- ----------------------------
-- Table structure for xk_video
-- ----------------------------
DROP TABLE IF EXISTS `xk_video`;
CREATE TABLE `xk_video`  (
  `id` bigint(20) UNSIGNED NOT NULL AUTO_INCREMENT COMMENT '主键ID',
  `created_at` datetime(0) NULL DEFAULT NULL COMMENT '创建时间',
  `updated_at` datetime(0) NULL DEFAULT NULL COMMENT '更新时间',
  `is_deleted` bigint(20) UNSIGNED NULL DEFAULT 0,
  `title` varchar(100) CHARACTER SET utf8mb4 COLLATE utf8mb4_unicode_ci NOT NULL DEFAULT '' COMMENT '主题标题',
  `description` varchar(200) CHARACTER SET utf8mb4 COLLATE utf8mb4_unicode_ci NOT NULL DEFAULT '' COMMENT '主题缩略描述',
  `img` varchar(200) CHARACTER SET utf8mb4 COLLATE utf8mb4_unicode_ci NOT NULL DEFAULT '' COMMENT '封面图',
  `content` longtext CHARACTER SET utf8mb4 COLLATE utf8mb4_unicode_ci NOT NULL COMMENT '主题内容',
  `tags` varchar(40) CHARACTER SET utf8mb4 COLLATE utf8mb4_unicode_ci NOT NULL DEFAULT '' COMMENT '主题标签',
  `views` int(11) NOT NULL DEFAULT 0 COMMENT '主题浏览次数',
  `collects` int(11) NOT NULL DEFAULT 0 COMMENT '收藏数',
  `comments` int(11) NOT NULL DEFAULT 0 COMMENT '评论数量',
  `category_pid` varchar(191) CHARACTER SET utf8mb4 COLLATE utf8mb4_unicode_ci NOT NULL DEFAULT '0' COMMENT '主题分类ID',
  `category_pname` varchar(40) CHARACTER SET utf8mb4 COLLATE utf8mb4_unicode_ci NOT NULL DEFAULT '' COMMENT '分类标题',
  `category_cid` varchar(191) CHARACTER SET utf8mb4 COLLATE utf8mb4_unicode_ci NOT NULL DEFAULT '0' COMMENT '子分类ID',
  `category_cname` varchar(40) CHARACTER SET utf8mb4 COLLATE utf8mb4_unicode_ci NOT NULL DEFAULT '' COMMENT '子分类标题',
  `avatar` varchar(200) CHARACTER SET utf8mb4 COLLATE utf8mb4_unicode_ci NOT NULL DEFAULT '' COMMENT '作者头像',
  `nickname` varchar(64) CHARACTER SET utf8mb4 COLLATE utf8mb4_unicode_ci NOT NULL DEFAULT '' COMMENT '昵称',
  `userid` bigint(20) NOT NULL DEFAULT 0 COMMENT '用户',
  `coursetimer` varchar(20) CHARACTER SET utf8mb4 COLLATE utf8mb4_unicode_ci NOT NULL DEFAULT '' COMMENT '课程时长',
  `price` varchar(40) CHARACTER SET utf8mb4 COLLATE utf8mb4_unicode_ci NOT NULL DEFAULT '0' COMMENT '原始价格2499',
  `realprice` varchar(40) CHARACTER SET utf8mb4 COLLATE utf8mb4_unicode_ci NOT NULL DEFAULT '0' COMMENT '真实价格1499',
  `coursetype` smallint(5) UNSIGNED NOT NULL DEFAULT 0 COMMENT '课程类型 1 基础课  2 进阶课  4 面试课  3 实战课程',
  `status` tinyint(3) UNSIGNED NOT NULL DEFAULT 1 COMMENT '发布状态 1发布 0未发布',
  `is_comment` tinyint(3) UNSIGNED NOT NULL DEFAULT 1 COMMENT '0不可以评论 1可以评论',
  `is_new` tinyint(3) UNSIGNED NOT NULL DEFAULT 0 COMMENT '是否最新 1是 0否',
  `is_hot` tinyint(3) UNSIGNED NOT NULL DEFAULT 0 COMMENT '是否最热 1是 0否',
  `is_push` tinyint(3) UNSIGNED NOT NULL DEFAULT 0 COMMENT '是否推荐 1是0 否',
  PRIMARY KEY (`id`) USING BTREE
) ENGINE = InnoDB AUTO_INCREMENT = 1 CHARACTER SET = utf8mb4 COLLATE = utf8mb4_unicode_ci COMMENT = '课程表' ROW_FORMAT = Dynamic;

-- ----------------------------
-- Records of xk_video
-- ----------------------------

-- ----------------------------
-- Table structure for xk_video_category
-- ----------------------------
DROP TABLE IF EXISTS `xk_video_category`;
CREATE TABLE `xk_video_category`  (
  `id` bigint(20) UNSIGNED NOT NULL AUTO_INCREMENT COMMENT '主键ID',
  `created_at` datetime(0) NULL DEFAULT NULL COMMENT '创建时间',
  `updated_at` datetime(0) NULL DEFAULT NULL COMMENT '更新时间',
  `is_deleted` bigint(20) UNSIGNED NULL DEFAULT 0,
  `category_name` varchar(191) CHARACTER SET utf8mb4 COLLATE utf8mb4_unicode_ci NOT NULL DEFAULT '' COMMENT '分类名称',
  `description` varchar(191) CHARACTER SET utf8mb4 COLLATE utf8mb4_unicode_ci NOT NULL DEFAULT '' COMMENT '分类描述',
  `parent_id` bigint(20) UNSIGNED NOT NULL DEFAULT 0 COMMENT '分类的主ID',
  `status` tinyint(4) NOT NULL DEFAULT 1 COMMENT ' 0 未发布 1 发布',
  `sorted` int(11) NOT NULL DEFAULT 1 COMMENT '排序',
  PRIMARY KEY (`id`) USING BTREE
) ENGINE = InnoDB AUTO_INCREMENT = 1 CHARACTER SET = utf8mb4 COLLATE = utf8mb4_unicode_ci COMMENT = '课程分类表' ROW_FORMAT = Dynamic;

-- ----------------------------
-- Records of xk_video_category
-- ----------------------------

-- ----------------------------
-- Table structure for xk_video_chapterlesson
-- ----------------------------
DROP TABLE IF EXISTS `xk_video_chapterlesson`;
CREATE TABLE `xk_video_chapterlesson`  (
  `id` bigint(20) UNSIGNED NOT NULL AUTO_INCREMENT COMMENT '主键ID',
  `created_at` datetime(0) NULL DEFAULT NULL COMMENT '创建时间',
  `updated_at` datetime(0) NULL DEFAULT NULL COMMENT '更新时间',
  `is_deleted` bigint(20) UNSIGNED NULL DEFAULT 0,
  `title` varchar(100) CHARACTER SET utf8mb4 COLLATE utf8mb4_unicode_ci NOT NULL DEFAULT '' COMMENT '章节标题',
  `description` varchar(200) CHARACTER SET utf8mb4 COLLATE utf8mb4_unicode_ci NOT NULL DEFAULT '' COMMENT '章节描述',
  `type` tinyint(3) UNSIGNED NOT NULL DEFAULT 1 COMMENT '1视频 2源码 3 文件',
  `video_id` varchar(60) CHARACTER SET utf8mb4 COLLATE utf8mb4_unicode_ci NOT NULL DEFAULT '' COMMENT '播放视频ID',
  `video_info` varchar(1000) CHARACTER SET utf8mb4 COLLATE utf8mb4_unicode_ci NOT NULL DEFAULT '' COMMENT '视频的相关信息',
  `total_timer` varchar(20) CHARACTER SET utf8mb4 COLLATE utf8mb4_unicode_ci NOT NULL DEFAULT '' COMMENT '总时长',
  `status` tinyint(3) UNSIGNED NOT NULL DEFAULT 1 COMMENT '发布状态 1发布 0未发布',
  `is_free` tinyint(3) UNSIGNED NOT NULL DEFAULT 1 COMMENT '是否最新 1不免费 0免费',
  `creator_user_id` bigint(20) NOT NULL DEFAULT 0 COMMENT '创作者ID',
  `creator_user_name` bigint(20) NOT NULL DEFAULT 0 COMMENT '创作者名字',
  `parent_id` bigint(20) NOT NULL DEFAULT 0 COMMENT '0代表章 非0代表节',
  PRIMARY KEY (`id`) USING BTREE
) ENGINE = InnoDB AUTO_INCREMENT = 1 CHARACTER SET = utf8mb4 COLLATE = utf8mb4_unicode_ci COMMENT = '课程章节表' ROW_FORMAT = Dynamic;

-- ----------------------------
-- Records of xk_video_chapterlesson
-- ----------------------------

SET FOREIGN_KEY_CHECKS = 1;
